longitude,latitude,housing_median_age,total_rooms,total_bedrooms,population,households,median_income,median_house_value,ocean_proximity
-119.77,36.81,28,1713,302,663,282,3.567,85500,INLAND
-122.12,37.64,40,432,102,264,77,3.8875,228100,NEAR BAY
-121.95,37.96,18,2739,393,1072,374,6.1436,259500,INLAND
-121.99,37.56,18,5505,1005,2641,971,5.0,269700,<1H OCEAN
-120.55,38.31,18,1411,312,592,230,1.625,94700,INLAND
-122.24,37.77,52,1153,235,481,223,2.6411,241000,NEAR BAY
-119.87,36.79,8,2875,548,1718,551,3.6522,80200,INLAND
-122.09,37.64,36,1885,307,853,271,4.1141,173100,NEAR BAY
-121.78,38.01,19,2688,469,1216,422,4.4491,133900,INLAND
-120.69,38.36,19,3267,614,1252,566,2.7236,109900,INLAND
-122.2,37.78,45,1766,332,869,327,4.5893,163500,NEAR BAY
-121.82,39.75,29,7744,1375,3316,1365,3.0253,111400,INLAND
-119.75,36.8,30,3308,662,1894,648,2.197,74500,INLAND
-122.22,37.77,52,391,128,520,138,1.6471,95000,NEAR BAY
-119.61,36.59,10,2842,620,1443,576,2.2727,92700,INLAND
-122.22,37.81,52,2024,339,756,340,4.072,270100,NEAR BAY
-119.81,36.76,52,1792,352,1049,357,2.4375,57100,INLAND
-119.56,36.7,40,1195,326,1135,315,2.1182,58900,INLAND
-119.68,36.62,31,834,229,616,211,1.6602,61200,INLAND
-120.09,36.19,12,1923,559,2809,535,1.4191,55100,INLAND
-120.72,38.94,10,1604,352,540,190,3.7625,113200,INLAND
-122.05,37.94,22,2105,354,993,365,4.6602,227800,NEAR BAY
-119.77,36.75,39,1287,332,1386,306,1.5227,46900,INLAND
-122.07,37.92,26,3872,739,1629,684,4.4312,225000,NEAR BAY
-124.14,41.95,21,2696,578,1208,494,2.275,122400,NEAR OCEAN
-122.26,37.85,52,2202,434,910,402,3.2031,281500,NEAR BAY
-122.23,37.78,52,472,146,415,126,2.6429,71300,NEAR BAY
-120.01,38.92,25,1758,357,689,278,2.675,104200,INLAND
-121.94,37.53,33,2095,342,941,304,5.761,259600,<1H OCEAN
-121.51,39.97,22,1468,285,611,235,2.3036,73000,INLAND
-119.56,36.71,37,1609,374,1173,344,2.181,59900,INLAND
-122.23,37.84,47,3175,454,1098,485,5.2868,347600,NEAR BAY
-122.13,37.7,43,3046,557,1333,544,3.4583,183700,NEAR BAY
-120.66,38.4,18,2144,420,985,381,3.175,118500,INLAND
-122.06,37.7,37,1893,310,821,315,4.6005,231600,NEAR BAY
-119.64,36.56,34,576,117,363,97,2.0658,92500,INLAND
-122.0,37.54,26,1910,371,852,357,5.8325,298900,<1H OCEAN
-122.18,37.77,27,909,236,396,157,2.0786,97500,NEAR BAY
-120.69,38.44,13,1473,265,597,228,4.2917,121300,INLAND
-122.14,37.71,18,3905,1007,2197,1044,3.6932,166800,NEAR BAY
-122.35,37.96,29,1899,524,1357,443,1.875,97200,NEAR BAY
-119.33,36.89,15,1879,411,755,294,2.0,83300,INLAND
-122.01,37.55,34,2791,495,1276,468,4.9167,256300,NEAR BAY
-122.06,37.99,17,1319,316,384,269,1.8229,137500,NEAR BAY
-121.99,37.58,31,2878,478,1276,485,6.2073,282500,<1H OCEAN
-121.89,38.01,30,4114,743,1994,722,4.2227,134400,INLAND
-122.34,37.94,42,2206,451,989,444,3.125,143900,NEAR BAY
-122.14,37.7,36,1266,228,606,239,3.9702,194100,NEAR BAY
-122.39,38.0,33,44,6,23,11,4.125,212500,NEAR BAY
-119.78,36.75,35,2114,506,2050,474,1.2375,50000,INLAND
-122.12,37.69,10,2227,560,1140,472,2.3973,167300,NEAR BAY
-121.74,39.38,27,2596,435,1100,409,2.3243,85500,INLAND
-122.32,37.97,29,2347,464,1135,490,3.9722,161000,NEAR BAY
-119.74,36.75,47,2236,418,1042,397,2.9545,59600,INLAND
-119.79,36.55,32,1393,276,999,245,2.0216,76800,INLAND
-122.02,37.53,21,4280,673,2216,681,5.7072,242200,NEAR BAY
-121.96,37.53,23,2215,475,1278,492,4.2955,218800,<1H OCEAN
-122.21,37.8,39,2003,500,1109,464,3.0682,156500,NEAR BAY
-119.81,36.72,46,1414,268,902,243,1.5833,56700,INLAND
-121.86,37.66,22,3634,664,1699,640,4.1597,293200,INLAND
-122.12,37.75,28,794,111,329,109,7.6923,329800,NEAR BAY
-122.13,38.02,52,2378,508,940,451,2.9583,166000,NEAR BAY
-122.18,37.75,45,330,76,282,80,4.0469,80700,NEAR BAY
-122.31,37.93,39,2505,371,872,345,5.3433,286500,NEAR BAY
-121.72,38.0,7,7957,1314,4460,1293,4.9618,156500,INLAND
-119.79,36.76,52,2408,498,1361,465,2.1055,61300,INLAND
-120.9,38.2,16,3120,641,1319,526,2.0472,93200,INLAND
-122.19,37.77,52,2329,445,1144,417,3.5114,151200,NEAR BAY
-122.29,37.78,42,1241,309,821,300,1.9427,102200,NEAR BAY
-122.28,37.84,50,2082,492,1131,473,1.6424,108900,NEAR BAY
-122.31,37.91,39,2955,696,1417,682,2.7628,167800,NEAR BAY
-122.12,37.69,35,2681,508,1580,536,4.1042,179100,NEAR BAY
-119.46,36.61,13,1348,258,719,246,3.625,108300,INLAND
-122.02,37.55,33,1325,274,909,267,4.5687,177200,NEAR BAY
-119.72,36.81,28,1651,305,780,309,2.9453,72200,INLAND
-121.72,37.7,17,1671,352,729,252,6.1023,450000,INLAND
-122.13,37.69,34,1131,278,560,237,2.875,161700,NEAR BAY
-122.19,37.79,45,2718,451,1106,454,4.6563,231800,NEAR BAY
-122.07,37.97,20,1705,353,856,341,3.7262,211800,NEAR BAY
-119.85,36.83,15,2563,335,1080,356,6.7181,160300,INLAND
-119.83,36.79,24,3505,819,2098,774,1.9575,67000,INLAND
-124.16,41.74,15,2715,569,1532,530,2.1829,69500,NEAR OCEAN
-122.15,37.69,38,1246,221,637,222,3.6625,184600,NEAR BAY
-121.75,39.4,29,1687,327,864,334,2.4943,81900,INLAND
-119.76,36.83,20,3214,446,1360,463,5.2595,110900,INLAND
-122.23,37.78,52,986,258,1008,255,1.4844,119400,NEAR BAY
-122.2,37.76,37,2680,736,1925,667,1.4097,84600,NEAR BAY
-119.67,36.72,31,843,140,453,149,2.6875,153800,INLAND
-119.69,36.83,28,1868,350,898,329,3.1814,78900,INLAND
-119.99,38.88,17,2807,529,675,251,2.7457,107800,INLAND
-122.27,37.85,47,2077,400,719,326,2.2431,172700,NEAR BAY
-122.21,37.76,52,1420,314,1085,300,1.7546,80600,NEAR BAY
-122.24,38.01,11,3751,565,1949,555,5.7862,269400,NEAR BAY
-119.54,36.61,20,1490,318,1474,326,1.4937,54700,INLAND
-122.04,37.96,20,1143,346,578,298,2.2411,151800,NEAR BAY
-119.78,36.78,37,2185,455,1143,438,1.9784,70700,INLAND
-119.45,36.59,41,1749,342,1171,314,1.6875,66100,INLAND
-122.12,38.01,50,1738,355,837,363,3.609,135700,NEAR BAY
-122.08,37.62,17,2485,518,1139,550,2.6875,157300,NEAR BAY
-122.1,37.65,36,410,76,252,82,4.5303,175000,NEAR BAY
-120.02,38.91,22,2138,493,829,330,2.2056,107200,INLAND
-122.05,37.95,27,3513,791,1875,694,3.1838,182000,NEAR BAY
-122.14,38.01,50,1760,341,741,316,4.5,178300,NEAR BAY
-122.19,37.75,28,856,189,435,162,0.8012,81800,NEAR BAY
-122.08,37.63,35,517,108,391,107,4.0682,156900,NEAR BAY
-120.6,38.76,22,1236,273,615,248,3.0217,106900,INLAND
-122.12,37.81,26,4048,513,1486,498,7.6717,416500,NEAR BAY
-120.21,36.77,20,1745,348,1093,302,2.3194,90600,INLAND
-121.76,37.68,35,1864,357,1189,349,4.2361,177500,INLAND
-119.83,36.78,35,1789,357,933,357,2.5223,66200,INLAND
-122.18,37.81,37,1643,262,620,266,5.4446,336700,NEAR BAY
-122.19,37.76,52,2024,391,1030,350,2.4659,94700,NEAR BAY
-122.14,37.68,31,3184,716,1561,628,2.7955,183100,NEAR BAY
-119.75,36.77,32,1962,399,1005,392,2.6726,70400,INLAND
-122.28,37.86,41,2214,550,1213,568,2.2845,153100,NEAR BAY
-122.16,37.69,36,1118,219,625,228,3.7813,192200,NEAR BAY
-121.94,37.56,15,5674,748,2412,714,8.3996,442900,<1H OCEAN
-119.75,36.78,28,3257,752,1981,712,2.293,71700,INLAND
-122.16,37.75,38,2457,624,1516,482,1.5625,91700,NEAR BAY
-119.69,36.83,7,2075,353,1040,362,3.9943,100200,INLAND
-122.26,37.77,52,1210,168,411,172,3.3571,405400,NEAR BAY
-121.7,39.36,46,1210,243,523,242,1.91,63900,INLAND
-120.71,38.85,8,1877,479,884,323,3.4688,120100,INLAND
-119.53,36.55,34,2065,343,1041,313,3.2917,111500,INLAND
-121.98,37.53,26,3179,703,2142,639,4.1947,222700,<1H OCEAN
-121.98,37.95,14,6290,854,2724,820,6.7371,267400,INLAND
-122.07,37.89,28,3410,746,1428,670,4.3864,266800,NEAR BAY
-119.85,36.8,14,4177,914,2300,867,2.9565,73000,INLAND
-122.08,37.71,38,3716,657,1784,652,4.8237,220900,NEAR BAY
-121.78,37.67,26,2211,344,1024,321,5.2649,199800,INLAND
-122.08,37.84,17,1320,159,1722,141,11.7064,500001,NEAR BAY
-121.61,37.77,32,404,74,144,58,4.2083,125000,INLAND
-122.08,37.71,38,1663,295,781,301,5.0519,227000,NEAR BAY
-122.16,37.75,35,667,140,406,133,3.8047,94300,NEAR BAY
-122.3,37.84,14,7355,2408,3100,2051,4.0018,143800,NEAR BAY
-121.9,38.03,51,2982,689,1831,608,2.0034,87700,INLAND
-119.85,36.78,8,3096,684,1454,545,2.7857,79700,INLAND
-120.7,38.75,19,2325,430,967,376,2.9,158700,INLAND
-122.15,37.73,45,3758,819,1573,736,2.8355,245400,NEAR BAY
-122.15,37.74,52,1394,223,545,230,3.95,219000,NEAR BAY
-121.69,39.36,29,2220,471,1170,428,2.3224,56200,INLAND
-122.26,37.88,52,2255,410,823,377,5.7979,415300,NEAR BAY
-122.08,37.97,9,2643,439,1105,467,6.6579,245200,NEAR BAY
-120.27,38.31,13,3297,662,267,97,3.075,108300,INLAND
-119.86,36.82,12,1488,253,675,223,4.7622,89300,INLAND
-121.97,37.96,28,1433,290,877,313,4.7891,184800,INLAND
-122.15,37.74,43,1383,275,853,272,3.5083,122000,NEAR BAY
-124.16,41.92,19,1668,324,841,283,2.1336,75000,NEAR OCEAN
-121.87,37.66,52,775,134,315,123,5.0677,233300,INLAND
-122.24,37.86,52,1668,225,517,214,7.8521,500001,NEAR BAY
-118.94,37.13,12,2255,472,1006,334,4.1563,94000,INLAND
-122.25,37.8,43,2344,647,1710,644,1.6504,151800,NEAR BAY
-122.18,37.75,43,1036,233,652,213,2.069,84600,NEAR BAY
-122.32,37.92,28,4649,977,2606,953,3.2674,129100,NEAR BAY
-122.3,37.91,39,2686,569,1159,559,2.9441,200400,NEAR BAY
-121.62,39.76,14,2063,559,934,529,1.7788,85800,INLAND
-122.34,37.93,45,2225,486,1304,459,2.64,112100,NEAR BAY
-119.75,36.75,50,1515,294,852,297,1.9955,54200,INLAND
-121.88,38.0,16,2605,440,1352,408,4.1947,140300,INLAND
-122.18,37.76,43,2018,408,1111,367,1.8913,91200,NEAR BAY
-122.31,37.91,43,2549,511,1060,528,3.6417,178400,NEAR BAY
-122.04,37.97,21,6445,1839,3621,1735,2.5841,112500,NEAR BAY
-119.78,36.74,15,1461,415,924,356,2.5045,90300,INLAND
-119.69,36.79,5,2613,476,1490,481,4.0993,83000,INLAND
-121.96,37.53,18,2375,652,1252,586,2.6198,235900,<1H OCEAN
-122.28,37.81,17,1237,462,762,439,0.9241,177500,NEAR BAY
-119.72,36.82,16,2627,613,1054,623,1.9483,112500,INLAND
-119.92,36.77,18,1422,243,702,230,3.6204,119800,INLAND
-119.79,36.75,33,3161,934,3530,846,1.123,46700,INLAND
-119.81,36.7,52,314,57,178,66,1.2404,52500,INLAND
-119.98,38.92,28,1408,312,522,221,2.0708,89600,INLAND
-122.29,37.81,49,844,204,560,152,1.75,75000,NEAR BAY
-119.32,37.06,15,3111,651,276,107,5.1314,179200,INLAND
-122.28,37.81,19,1207,243,721,207,1.1111,108300,NEAR BAY
-122.12,37.75,33,1809,261,808,219,6.86,250000,NEAR BAY
-122.34,37.95,38,1340,298,766,241,3.2833,111700,NEAR BAY
-120.37,36.16,36,613,124,310,124,3.0658,65000,INLAND
-121.61,39.76,31,2431,512,1026,427,2.5428,85000,INLAND
-119.81,36.76,51,2419,486,1284,426,2.2029,54200,INLAND
-120.76,38.47,17,1521,309,607,240,3.5,123800,INLAND
-122.09,37.7,30,1751,269,731,263,6.005,263900,NEAR BAY
-122.06,37.6,18,1726,276,1186,310,5.3226,231700,NEAR BAY
-121.58,39.76,19,2487,485,1110,453,3.1061,110200,INLAND
-122.03,37.54,35,1867,343,1213,338,4.8214,186000,NEAR BAY
-122.1,37.66,36,1305,225,768,234,4.275,185300,NEAR BAY
-122.01,37.58,17,4313,717,2629,721,5.7579,231800,NEAR BAY
-119.69,36.81,15,2892,496,1634,501,4.4934,88000,INLAND
-122.05,37.97,16,60,10,65,19,6.1359,250000,NEAR BAY
-119.57,36.72,11,2510,460,1248,445,3.6161,99500,INLAND
-122.26,37.82,40,624,195,423,160,0.9506,187500,NEAR BAY
-122.02,37.96,25,2615,368,935,366,6.6727,305100,NEAR BAY
-121.76,37.68,32,1078,207,555,197,3.1856,186900,INLAND
-119.72,36.75,27,1691,282,869,337,3.9514,86900,INLAND
-122.21,37.79,34,2364,557,1517,516,2.8365,139200,NEAR BAY
-122.25,37.84,52,3549,707,1551,714,3.6912,261100,NEAR BAY
-120.38,36.15,17,2279,448,1200,420,2.7461,70000,INLAND
-122.26,37.88,52,2604,837,1798,769,1.725,287500,NEAR BAY
-119.59,36.57,19,1733,303,911,281,3.5987,131700,INLAND
-122.13,37.68,44,2147,399,1175,401,4.1974,179300,NEAR BAY
-121.57,39.8,23,790,137,365,152,2.1912,115200,INLAND
-122.08,37.68,26,2607,682,1401,607,2.6563,184100,NEAR BAY
-119.81,36.78,52,2281,371,839,367,3.5972,89900,INLAND
-122.19,37.79,50,968,195,462,184,2.9844,179900,NEAR BAY
-122.27,37.73,31,5785,1379,2973,1312,3.2689,231000,NEAR BAY
-124.23,41.75,11,3159,616,1343,479,2.4805,73200,NEAR OCEAN
-121.96,37.54,14,5106,1207,2738,1108,3.9909,236000,<1H OCEAN
-121.59,39.78,18,945,205,385,207,2.1838,58000,INLAND
-121.83,37.95,17,1133,244,716,235,2.875,162500,INLAND
-122.24,37.85,52,2612,365,901,367,7.2354,391100,NEAR BAY
-122.05,37.68,32,2015,318,1019,340,6.1104,240700,NEAR BAY
-122.03,37.69,20,200,25,83,31,6.5,340000,NEAR BAY
-121.7,37.91,17,1962,291,825,267,4.8958,187100,INLAND
-122.04,37.62,35,657,118,328,134,3.8125,204200,NEAR BAY
-119.99,38.94,22,3119,640,786,351,3.0806,118500,INLAND
-122.04,37.66,23,2419,348,1066,384,6.3501,350000,NEAR BAY
-122.33,37.91,36,1954,513,1437,440,1.125,93800,NEAR BAY
-122.08,37.87,26,2405,564,680,531,2.4896,73400,NEAR BAY
-122.28,37.9,52,2318,328,779,312,7.1754,362900,NEAR BAY
-121.77,37.74,25,494,81,254,85,9.1531,418800,INLAND
-119.74,36.73,42,1236,272,946,261,2.0536,50000,INLAND
-119.4,36.59,37,1486,296,977,290,3.5074,93800,INLAND
-122.25,37.84,52,2535,489,1094,514,3.6591,299200,NEAR BAY
-120.65,38.42,23,1538,305,730,267,2.6078,116700,INLAND
-122.26,37.85,52,2491,474,1098,468,3.075,213500,NEAR BAY
-121.82,37.81,12,4711,659,2089,621,8.3209,485400,INLAND
-119.83,36.71,43,355,81,233,75,2.4167,73900,INLAND
-119.85,36.84,12,2272,304,840,305,8.9669,213900,INLAND
-122.1,37.65,31,1797,327,796,319,4.4427,204500,NEAR BAY
-122.06,37.71,36,3541,570,1478,529,4.635,248600,NEAR BAY
-119.69,36.74,23,2097,385,911,405,3.5128,121600,INLAND
-119.67,36.8,9,3712,508,1632,474,6.011,163100,INLAND
-122.15,37.74,49,1325,277,764,282,3.3125,118000,NEAR BAY
-122.16,37.76,36,2781,574,1438,519,2.4598,155500,NEAR BAY
-122.12,37.7,17,2488,617,1287,538,2.9922,179900,NEAR BAY
-120.98,38.68,5,4810,909,2242,900,3.2964,176900,INLAND
-122.21,37.83,34,5065,788,1627,766,6.8976,333300,NEAR BAY
-122.27,37.84,52,2224,437,1006,422,2.6,132600,NEAR BAY
-122.25,37.83,52,1279,287,534,291,3.1429,231600,NEAR BAY
-122.13,37.72,35,2183,383,976,392,3.8393,243500,NEAR BAY
-121.67,39.37,27,2599,502,1241,502,1.9943,86300,INLAND
-120.88,38.58,8,3417,604,1703,623,4.0827,170700,INLAND
-122.21,37.83,40,4991,674,1616,654,7.5544,411500,NEAR BAY
-121.97,37.52,26,3761,623,1776,613,4.5317,232600,<1H OCEAN
-122.29,37.76,18,2873,763,1243,663,5.1702,265400,NEAR BAY
-122.1,37.89,21,3282,653,1398,601,5.2079,310300,NEAR BAY
-120.63,38.73,11,4577,836,1944,700,4.0675,140200,INLAND
-119.62,36.56,30,1722,372,1467,403,1.8878,51600,INLAND
-122.23,37.8,50,1746,480,1149,415,2.25,123500,NEAR BAY
-122.29,37.87,44,2539,755,1382,713,2.537,175000,NEAR BAY
-122.09,37.68,41,1382,353,704,314,3.5114,197500,NEAR BAY
-121.79,38.0,34,3090,593,1588,566,3.6118,124700,INLAND
-120.55,38.45,17,2277,474,767,356,2.5208,99100,INLAND
-122.12,37.99,33,1660,277,741,261,4.675,225400,NEAR BAY
-122.31,37.93,36,1526,256,696,263,3.5089,261900,NEAR BAY
-122.03,37.54,16,4458,856,3038,870,5.0739,208000,NEAR BAY
-119.79,36.78,41,2227,462,1129,415,2.319,59100,INLAND
-121.85,37.68,4,4719,741,1895,742,6.8132,282500,INLAND
-122.07,37.94,30,1260,276,707,221,2.892,220800,NEAR BAY
-122.17,37.75,44,1218,248,763,254,2.3281,88800,NEAR BAY
-122.27,37.85,42,1639,367,929,366,1.7135,159800,NEAR BAY
-122.08,37.64,36,1340,245,789,248,3.8,172000,NEAR BAY
-122.18,37.79,46,2109,387,922,329,3.9712,208100,NEAR BAY
-122.0,37.55,27,6103,1249,3026,1134,4.1591,332400,<1H OCEAN
-119.67,36.81,4,1262,216,622,199,4.9432,114400,INLAND
-122.35,37.95,31,2449,595,1801,548,2.6328,110300,NEAR BAY
-119.55,36.52,31,1986,417,1042,422,3.0294,70200,INLAND
-122.42,37.93,47,3453,779,1353,728,4.016,274500,NEAR BAY
-122.08,37.94,44,2185,357,943,366,4.725,232100,NEAR BAY
-121.82,39.75,37,2236,372,974,379,3.2016,97000,INLAND
-121.73,37.71,12,5608,1049,2595,1067,3.9864,200200,INLAND
-122.12,37.68,37,2412,394,975,375,4.0417,191100,NEAR BAY
-121.81,37.99,22,2331,359,1086,340,5.1435,150800,INLAND
-122.13,38.01,48,2123,494,859,474,1.8523,144800,NEAR BAY
-121.93,37.54,25,1354,192,596,220,6.629,352400,<1H OCEAN
-122.32,37.92,29,2304,399,1377,454,5.0187,140600,NEAR BAY
-119.69,36.81,13,1524,366,994,370,2.5446,93800,INLAND
-122.19,37.8,48,1694,259,610,238,4.744,257300,NEAR BAY
-122.1,37.9,38,827,144,368,136,6.5095,294400,NEAR BAY
-119.93,38.94,27,1709,408,97,44,2.4917,200000,INLAND
-121.84,39.74,43,2976,599,1181,560,2.2621,85100,INLAND
-122.3,37.97,35,1811,377,911,340,3.375,149700,NEAR BAY
-119.74,36.74,39,4893,1210,4749,1067,1.2065,55600,INLAND
-121.97,37.79,16,3873,484,1451,501,6.7857,341300,<1H OCEAN
-122.27,37.85,52,335,83,152,77,2.2841,106300,NEAR BAY
-121.92,37.69,13,3742,555,1590,559,7.316,285400,<1H OCEAN
-122.25,37.83,28,5022,1750,2558,1661,2.4234,218500,NEAR BAY
-120.36,36.13,29,1938,434,1306,415,3.0134,55500,INLAND
-121.88,38.03,10,2769,619,1045,469,4.1111,158600,INLAND
-121.52,39.48,21,2628,494,1364,468,2.0455,59400,INLAND
-119.73,36.59,31,1551,296,1058,287,3.3438,92600,INLAND
-122.08,37.96,21,9135,1534,3748,1502,6.0859,266000,NEAR BAY
-119.87,36.76,34,1649,323,919,316,2.875,74500,INLAND
-119.84,36.8,19,3244,776,1463,710,2.0469,66900,INLAND
-119.71,36.79,34,1891,323,966,355,3.6681,82000,INLAND
-122.07,37.91,28,1731,295,810,295,5.0391,259800,NEAR BAY
-122.3,37.98,25,3807,806,1821,792,3.6518,164300,NEAR BAY
-122.08,37.92,28,2377,469,1068,435,4.4561,250000,NEAR BAY
-119.86,36.43,34,1175,251,683,261,1.7176,58400,INLAND
-121.98,37.97,26,2714,390,1232,409,5.9617,231100,INLAND
-119.79,36.84,22,1529,375,1543,395,1.7926,51700,INLAND
-122.16,37.73,49,1699,408,768,385,2.8301,171600,NEAR BAY
-121.93,37.73,23,2564,347,1043,351,6.2048,275000,<1H OCEAN
-122.32,37.97,33,1156,190,643,209,4.5,156600,NEAR BAY
-122.25,37.86,48,2153,517,1656,459,3.0417,489600,NEAR BAY
-122.27,37.9,42,1650,274,645,256,5.6228,375400,NEAR BAY
-121.92,38.02,8,2750,479,1526,484,5.102,156500,INLAND
-122.07,37.64,22,5861,1516,5436,1463,2.5158,134900,NEAR BAY
-119.6,36.57,33,1923,403,1205,389,1.8333,68300,INLAND
-120.69,36.84,18,902,195,771,174,2.2083,55000,INLAND
-122.35,37.93,19,1334,366,1048,316,1.7865,88000,NEAR BAY
-121.99,37.96,17,2756,423,1228,426,5.5872,200600,INLAND
-122.12,38.01,50,1300,263,691,239,3.9519,126500,NEAR BAY
-122.15,37.72,31,1616,372,739,379,2.9097,210900,NEAR BAY
-122.29,37.9,52,1604,263,594,286,5.338,270900,NEAR BAY
-121.91,37.68,20,1804,254,831,260,6.177,262900,<1H OCEAN
-122.29,37.91,46,2085,346,748,354,4.0536,262000,NEAR BAY
-121.96,37.95,13,3216,765,1627,715,3.0859,167800,INLAND
-122.06,37.86,16,5187,1014,1512,986,4.4551,252400,NEAR BAY
-121.91,37.93,13,1610,198,703,217,8.7059,329400,INLAND
-119.89,36.73,43,524,93,302,93,2.6146,81300,INLAND
-121.86,38.0,4,4075,927,2239,849,3.5857,165200,INLAND
-119.84,36.77,6,1853,473,1397,417,1.4817,72000,INLAND
-122.37,37.94,49,969,229,599,195,1.3167,71600,NEAR BAY
-121.99,37.97,28,2839,428,1372,443,6.2135,217200,INLAND
-122.28,37.85,48,2063,484,1054,466,2.2625,132900,NEAR BAY
-122.29,37.91,40,2085,329,796,339,5.5357,273700,NEAR BAY
-121.9,38.02,5,1560,369,1037,372,3.6154,181800,INLAND
-122.07,37.99,28,3310,574,1811,597,4.5401,166900,NEAR BAY
-122.09,37.95,32,1339,209,601,209,6.0265,247900,NEAR BAY
-122.3,37.81,52,572,109,274,82,1.8516,85000,NEAR BAY
-119.77,36.74,20,1855,519,1091,443,1.5547,93900,INLAND
-119.74,36.76,36,912,216,842,219,1.4766,52800,INLAND
-122.09,37.67,33,2431,655,1854,603,2.7019,154000,NEAR BAY
-121.6,39.76,22,2447,556,1157,556,1.8245,85500,INLAND
-122.07,37.89,38,757,124,319,123,5.6558,263300,NEAR BAY
-121.72,37.98,5,7105,1143,3523,1088,5.0468,168800,INLAND
-122.24,37.8,52,1586,398,1006,335,2.1348,140600,NEAR BAY
-121.97,37.93,4,3241,464,1552,494,6.6134,307000,INLAND
-122.17,37.74,34,1223,281,824,280,2.2917,92500,NEAR BAY
-121.94,37.8,8,11336,1657,4089,1555,7.8287,369200,<1H OCEAN
-122.13,37.74,41,4400,666,1476,648,5.0,248900,NEAR BAY
-120.55,38.43,18,1564,357,618,277,2.3549,108900,INLAND
-119.74,36.83,14,4675,829,2235,787,4.1098,108200,INLAND
-122.27,37.88,52,2803,930,1372,876,2.1907,271400,NEAR BAY
-122.03,37.93,21,4712,624,1773,615,6.0918,344800,NEAR BAY
-121.93,37.49,5,1150,311,648,245,3.5714,300000,<1H OCEAN
-121.06,38.7,9,13255,1739,5001,1627,6.314,228900,INLAND
-119.78,36.83,18,4164,741,1817,681,4.2153,95200,INLAND
-119.89,36.76,17,1987,335,1152,313,4.1719,126400,INLAND
-122.25,37.82,28,3337,855,1520,802,3.9063,225000,NEAR BAY
-121.83,37.99,23,1150,174,572,174,4.9167,152400,INLAND
-119.75,36.76,32,2072,497,2002,470,1.3278,44500,INLAND
-122.17,37.75,47,998,211,597,185,3.1587,100400,NEAR BAY
-122.01,39.21,39,1214,250,660,249,2.4559,75000,INLAND
-121.96,37.71,6,8072,1050,3386,1062,7.2494,336500,<1H OCEAN
-121.8,39.75,11,7212,1355,3264,1264,3.1125,122600,INLAND
-122.3,37.81,48,1455,354,788,332,0.8056,84400,NEAR BAY
-119.89,36.7,32,1485,269,867,271,2.5809,78300,INLAND
-122.09,39.13,28,4169,895,2587,810,2.331,65500,INLAND
-122.33,37.95,46,1543,339,777,322,4.0927,142600,NEAR BAY
-119.77,36.83,19,3237,507,1378,510,4.7804,101100,INLAND
-119.81,36.71,25,1026,221,789,183,1.5625,52800,INLAND
-122.08,37.64,30,5267,1253,4065,1113,3.3479,182100,NEAR BAY
-121.6,39.68,15,1677,345,844,330,2.3958,111200,INLAND
-122.25,39.79,16,2127,412,1104,369,3.0469,72200,INLAND
-122.17,37.75,48,1751,390,935,349,1.4375,90000,NEAR BAY
-119.76,36.77,38,3804,814,2142,816,2.1439,60200,INLAND
-121.94,37.93,16,3421,427,1341,428,7.5695,320400,INLAND
-121.97,37.51,25,3333,511,1671,504,5.4359,258300,<1H OCEAN
-120.91,38.73,11,5460,859,2645,838,4.835,230600,INLAND
-121.82,38.0,30,3268,567,1714,565,4.4583,131000,INLAND
-121.56,39.52,26,1957,429,945,397,1.7308,53600,INLAND
-120.27,38.29,10,3486,695,298,124,3.3542,103800,INLAND
-121.91,37.81,7,3477,416,1216,395,13.1499,500001,INLAND
-121.96,37.84,29,7479,977,2744,943,7.5139,398200,INLAND
-122.36,37.96,39,246,57,316,52,0.716,104200,NEAR BAY
-121.96,37.55,4,3746,993,1606,838,4.1387,162500,<1H OCEAN
-120.27,36.29,11,1337,412,1376,318,2.4398,87500,INLAND
-122.3,37.9,41,2053,435,873,415,3.4091,223000,NEAR BAY
-121.77,37.68,41,1501,299,629,288,4.6806,209400,INLAND
-122.24,37.8,52,888,168,360,175,2.1944,211500,NEAR BAY
-122.21,37.8,48,1321,263,506,252,4.0977,229700,NEAR BAY
-122.34,37.96,15,6487,1717,3408,1560,2.1991,133300,NEAR BAY
-122.0,37.99,28,4035,641,1881,659,5.4607,192300,INLAND
-122.09,37.91,18,9576,1455,3486,1380,7.0895,306900,NEAR BAY
-122.24,37.82,52,3481,751,1444,718,3.9,275700,NEAR BAY
-121.95,37.52,33,3994,764,2721,763,5.2308,196900,<1H OCEAN
-122.08,37.72,31,3866,531,1368,521,6.187,340400,NEAR BAY
-122.16,37.79,22,12842,2048,4985,1967,5.9849,371000,NEAR BAY
-122.24,37.76,49,2428,525,1110,492,3.6719,229800,NEAR BAY
-121.7,37.96,33,2396,452,1391,465,3.2813,151400,INLAND
-122.16,37.72,38,1007,245,618,239,2.875,144800,NEAR BAY
-119.82,36.79,18,5822,1439,3415,1224,1.6854,64700,INLAND
-122.18,37.73,43,1391,293,855,285,2.5192,76400,NEAR BAY
-120.91,38.11,9,3585,680,1800,598,3.636,133100,INLAND
-122.02,37.98,37,1474,343,782,331,3.4187,161700,NEAR BAY
-122.17,37.73,43,1473,371,1231,341,2.1587,86500,NEAR BAY
-121.75,39.88,16,2867,559,1203,449,2.7143,95300,INLAND
-121.97,37.55,17,4924,1247,3080,1182,3.168,189400,<1H OCEAN
-122.01,37.91,21,10093,1269,3645,1219,7.6877,367700,NEAR BAY
-119.55,36.51,46,55,11,26,5,4.125,67500,INLAND
-122.22,37.79,49,1826,450,1201,424,2.5,136700,NEAR BAY
-122.09,37.63,34,1457,242,735,249,3.9167,189500,NEAR BAY
-119.72,36.73,9,1914,491,1116,424,1.4646,65900,INLAND
-122.08,37.69,43,1575,324,740,284,2.8512,181000,NEAR BAY
-122.3,37.86,50,499,127,287,128,2.75,140600,NEAR BAY
-119.81,36.51,31,1241,254,767,226,2.7321,83600,INLAND
-121.86,39.74,13,3494,843,1571,784,1.1019,120200,INLAND
-122.09,37.64,36,1180,212,664,200,5.2838,172600,NEAR BAY
-122.17,37.73,46,2163,470,925,435,3.25,177500,NEAR BAY
-122.27,37.83,49,1655,366,754,329,1.375,104900,NEAR BAY
-120.44,38.61,9,2598,548,796,297,3.5192,98000,INLAND
-122.24,37.77,52,1711,386,885,373,3.6417,206300,NEAR BAY
-121.78,37.69,35,2853,588,1761,572,4.3533,168400,INLAND
-122.08,37.95,24,3173,548,1351,536,5.0672,243000,NEAR BAY
-122.04,37.62,35,1032,173,453,176,6.396,208500,NEAR BAY
-120.8,38.51,23,1001,195,369,157,3.125,96400,INLAND
-122.12,37.68,45,2179,401,1159,399,3.4839,180600,NEAR BAY
-122.08,37.68,15,3051,685,1479,668,3.5295,242200,NEAR BAY
-119.57,36.7,7,1761,309,974,308,3.7261,83900,INLAND
-122.1,37.96,20,3796,650,1679,611,4.3571,228200,NEAR BAY
-121.82,38.02,46,176,43,101,40,2.2361,93800,INLAND
-122.1,37.97,18,4326,655,1753,646,5.6931,269600,NEAR BAY
-119.81,36.79,35,2314,443,954,457,2.9506,73800,INLAND
-122.29,37.88,46,1895,442,920,425,2.9926,192100,NEAR BAY
-120.01,38.92,23,964,246,485,198,1.7188,96100,INLAND
-122.19,37.78,52,1026,180,469,168,2.875,160000,NEAR BAY
-122.1,37.66,35,686,142,480,149,3.875,162100,NEAR BAY
-120.1,36.16,17,598,160,715,146,2.3295,55000,INLAND
-122.18,37.73,42,909,215,646,198,2.9063,80000,NEAR BAY
-122.24,37.79,43,1626,376,1284,357,2.2542,112200,NEAR BAY
-122.17,37.74,46,769,183,693,178,2.25,84200,NEAR BAY
-121.94,37.76,4,6875,1439,2889,1307,4.6932,356100,<1H OCEAN
-119.83,36.76,15,3291,772,1738,634,1.976,67300,INLAND
-119.97,36.57,17,1497,308,1425,247,2.0313,69400,INLAND
-122.17,37.75,37,1379,287,835,259,2.4962,91800,NEAR BAY
-122.22,37.86,21,7099,1106,2401,1138,8.3014,358500,NEAR BAY
-119.84,36.8,16,2849,506,1508,478,3.4074,72700,INLAND
-121.82,38.01,25,3018,606,1614,568,3.4722,127000,INLAND
-119.67,36.73,27,2845,417,1219,460,4.9196,117900,INLAND
-122.33,37.95,22,2099,569,1135,509,2.1915,120800,NEAR BAY
-121.54,39.51,33,3585,757,1887,765,2.502,62100,INLAND
-119.8,36.77,52,2964,512,1114,486,3.8105,87600,INLAND
-122.09,37.86,27,5484,760,2212,770,7.6202,402600,NEAR BAY
-119.8,36.7,28,1592,304,962,282,1.3304,51300,INLAND
-122.14,37.75,33,1334,200,579,202,6.8323,255900,NEAR BAY
-121.7,37.93,10,3258,612,1779,558,4.6587,152500,INLAND
-121.57,39.5,31,2023,469,1073,436,1.5714,56100,INLAND
-122.23,37.76,52,1049,185,374,176,4.1458,248500,NEAR BAY
-122.17,39.31,35,2791,552,1395,476,2.5625,62700,INLAND
-121.96,37.94,26,3084,505,1557,501,5.1582,194700,INLAND
-119.71,36.83,5,1087,338,623,362,1.8061,113400,INLAND
-122.07,37.93,45,1544,244,614,238,5.0255,226000,NEAR BAY
-119.74,36.78,27,4049,947,2254,882,2.2467,70700,INLAND
-119.98,38.9,16,3109,572,885,334,3.5,134700,INLAND
-122.15,37.67,35,2472,398,1171,390,5.5797,198100,NEAR BAY
-119.78,36.8,34,3426,623,1938,647,2.8994,66000,INLAND
-122.29,37.81,23,1745,374,1054,325,0.8026,112500,NEAR BAY
-120.57,38.35,17,1504,358,661,250,2.2604,84800,INLAND
-119.73,36.72,26,2645,1005,1660,991,0.6991,89500,INLAND
-121.9,37.66,18,7397,1137,3126,1115,6.4994,323000,INLAND
-119.79,36.85,11,2596,619,1765,539,1.9511,54000,INLAND
-122.27,37.81,52,210,56,183,56,1.1667,112500,NEAR BAY
-122.25,37.8,29,2468,864,1335,773,1.3929,193800,NEAR BAY
-122.27,37.81,10,875,348,546,330,0.76,162500,NEAR BAY
-122.23,37.76,52,3011,542,1303,535,5.1039,273800,NEAR BAY
-122.29,37.82,2,158,43,94,57,2.5625,60000,NEAR BAY
-122.08,37.62,27,1826,309,1016,313,5.64,206500,NEAR BAY
-122.14,37.73,38,1723,394,711,353,3.0673,218400,NEAR BAY
-120.03,38.89,15,3042,588,918,336,3.8333,118800,INLAND
-119.99,38.93,23,1882,414,673,277,2.9091,141900,INLAND
-122.3,37.89,36,1077,293,518,276,3.0208,206300,NEAR BAY
-119.76,36.82,17,6932,1486,3056,1453,2.3375,99300,INLAND
-121.86,38.04,52,242,59,188,54,1.3958,67500,INLAND
-122.26,37.85,52,2643,626,1212,620,1.9167,159200,NEAR BAY
-119.25,36.71,13,2813,579,1385,512,2.2202,100000,INLAND
-122.24,37.79,27,1632,492,1171,429,2.3173,125000,NEAR BAY
-122.33,39.1,10,266,62,154,49,2.25,75000,INLAND
-119.98,38.92,27,2682,606,1010,399,3.15,86900,INLAND
-119.73,36.81,19,1699,356,994,368,2.7778,79700,INLAND
-122.15,37.73,52,1028,129,317,143,4.9135,275000,NEAR BAY
-122.2,37.82,39,3770,534,1265,500,6.3302,362800,NEAR BAY
-122.2,37.77,49,2272,498,1621,483,2.4338,102400,NEAR BAY
-122.33,37.93,34,2326,471,1356,441,2.3475,90300,NEAR BAY
-119.79,36.77,30,1610,410,1000,397,2.0357,60200,INLAND
-122.17,37.7,24,1755,365,952,362,4.0,202600,NEAR BAY
-119.85,36.81,15,1743,310,1011,325,3.755,68000,INLAND
-119.77,36.73,44,1960,393,1286,381,2.1518,53000,INLAND
-122.09,37.98,14,5381,871,2296,872,5.6875,211000,NEAR BAY
-119.77,36.72,43,1763,389,1623,390,1.4427,47700,INLAND
-121.66,39.66,17,3502,655,1763,613,2.9625,101200,INLAND
-120.45,36.85,20,1519,376,1681,370,2.1759,58100,INLAND
-121.91,38.02,15,2966,558,1687,527,3.4817,129800,INLAND
-122.06,37.6,17,5159,832,3174,817,5.8704,234400,NEAR BAY
-121.85,39.73,52,444,80,1107,98,3.4191,137500,INLAND
-122.04,37.5,17,407,97,307,100,3.1696,156300,NEAR BAY
-120.19,38.42,11,1568,369,82,33,3.125,77500,INLAND
-122.29,37.97,20,3426,632,1512,580,4.4911,227400,NEAR BAY
-119.55,36.6,18,2379,448,1638,436,2.309,57100,INLAND
-121.97,38.04,38,2505,554,1595,498,2.5833,83500,INLAND
-122.17,37.87,38,1261,177,472,183,6.917,438000,NEAR BAY
-122.21,37.78,47,881,248,753,241,2.625,111300,NEAR BAY
-119.69,36.86,20,1676,263,786,240,4.0,164600,INLAND
-120.01,38.91,27,968,191,283,143,2.0938,94400,INLAND
-120.25,36.65,31,1177,221,744,223,2.4937,66000,INLAND
-120.91,38.62,12,4545,748,2033,718,4.1843,207600,INLAND
-119.97,38.93,24,856,185,388,108,3.1806,107200,INLAND
-122.25,37.82,52,1424,289,550,253,5.0917,262500,NEAR BAY
-122.12,37.89,30,3227,733,1260,684,4.125,257100,NEAR BAY
-122.29,37.9,52,2657,500,1131,489,4.4286,234900,NEAR BAY
-119.76,36.68,29,1243,312,836,277,1.8355,74200,INLAND
-122.23,37.8,52,2033,486,787,459,3.1603,269500,NEAR BAY
-122.14,37.69,38,1571,317,874,301,4.4659,189100,NEAR BAY
-119.82,36.74,52,610,128,406,122,1.8967,43800,INLAND
-119.79,36.72,19,1719,391,1369,368,1.25,53000,INLAND
-119.72,36.8,16,2396,526,1338,518,2.1653,78800,INLAND
-121.62,37.61,26,1786,306,771,279,5.7239,430600,INLAND
-122.27,37.99,16,4921,737,2312,725,5.8899,243200,NEAR BAY
-120.3,38.9,11,1961,435,113,53,0.9227,95500,INLAND
-122.27,37.85,50,1279,300,675,255,1.9028,150800,NEAR BAY
-122.28,37.91,48,2083,298,685,286,7.3089,331200,NEAR BAY
-121.83,38.0,8,2572,738,1384,684,1.7161,75800,INLAND
-119.78,36.84,7,4907,1075,2014,909,3.2147,111900,INLAND
-119.4,37.09,22,2211,477,773,288,3.3269,102700,INLAND
-122.07,37.91,33,1550,277,638,254,3.6833,292500,NEAR BAY
-124.3,41.8,19,2672,552,1298,478,1.9797,85800,NEAR OCEAN
-122.25,37.77,52,1527,320,825,264,3.4531,208800,NEAR BAY
-122.03,37.56,24,8444,1492,4446,1491,4.6978,240300,NEAR BAY
-120.88,38.32,18,2791,492,1187,438,3.2589,103000,INLAND
-122.29,37.89,52,2269,380,1004,371,5.1696,261400,NEAR BAY
-122.36,37.96,30,950,317,1073,280,1.8664,107800,NEAR BAY
-122.28,37.88,52,1193,200,506,207,4.1912,254500,NEAR BAY
-122.02,37.58,15,3052,760,2097,728,3.3617,178100,NEAR BAY
-122.11,37.65,18,4335,808,2041,734,3.4861,331600,NEAR BAY
-120.55,38.07,27,1199,224,463,199,2.9063,92200,INLAND
-119.71,36.8,17,2056,366,1259,367,3.9338,84700,INLAND
-122.07,37.86,17,1102,224,317,208,3.5893,206300,NEAR BAY
-119.55,36.69,21,1551,423,1519,406,1.7132,55900,INLAND
-119.43,36.61,19,1484,296,1296,298,2.4219,65800,INLAND
-122.03,37.53,18,1746,437,1268,404,3.256,183300,NEAR BAY
-121.98,37.95,16,2984,406,1317,397,6.7821,265900,INLAND
-121.7,37.93,19,2005,405,972,403,2.2216,156700,INLAND
-122.01,37.99,28,1900,401,918,351,3.7841,144900,NEAR BAY
-122.29,37.89,52,1571,349,693,326,3.1375,229100,NEAR BAY
-122.36,37.95,38,1042,289,773,248,2.7714,104700,NEAR BAY
-122.36,37.96,31,1157,276,956,232,1.5347,80400,NEAR BAY
-121.94,37.95,18,2541,355,986,346,7.1978,288000,INLAND
-122.13,39.74,20,1401,280,668,250,2.2569,94300,INLAND
-119.79,36.75,52,377,97,530,96,1.0,45000,INLAND
-119.68,36.8,7,2855,518,1748,498,4.2066,88400,INLAND
-122.26,37.77,52,1565,315,637,297,4.7778,351800,NEAR BAY
-120.54,38.41,21,1435,294,668,267,2.5667,77400,INLAND
-122.1,37.68,37,2116,503,1109,448,2.535,174000,NEAR BAY
-119.77,36.44,26,1727,289,802,259,3.2083,75000,INLAND
-122.28,37.82,52,945,243,576,220,1.4113,83100,NEAR BAY
-122.27,37.84,48,1922,409,1026,335,1.7969,110400,NEAR BAY
-122.03,37.92,23,3318,408,1124,393,6.5847,358800,NEAR BAY
-122.11,37.7,19,2693,789,1765,724,2.4206,137500,NEAR BAY
-120.19,36.6,25,875,214,931,214,1.5536,58300,INLAND
-121.56,39.51,47,1064,245,603,190,1.3654,57900,INLAND
-122.13,37.67,42,3592,703,1625,665,3.2434,179900,NEAR BAY
-121.97,37.97,27,1691,289,807,296,6.1168,210500,INLAND
-122.06,37.9,25,5869,1685,2669,1554,2.6998,216100,NEAR BAY
-122.14,37.71,27,3094,866,1364,789,2.6101,181700,NEAR BAY
-122.26,38.03,25,2239,361,928,353,4.4474,203700,NEAR BAY
-121.81,39.7,21,5051,1054,2948,980,1.5863,81300,INLAND
-122.04,37.55,23,3170,532,1446,515,4.4357,291700,NEAR BAY
-122.24,37.75,27,4051,753,1499,797,4.8711,286600,NEAR BAY
-122.13,37.75,30,414,54,137,50,4.975,311100,NEAR BAY
-122.09,38.0,6,10191,1882,4377,1789,5.2015,204200,NEAR BAY
-121.54,39.47,14,1724,315,939,302,2.4952,53900,INLAND
-122.33,37.94,43,1876,389,807,377,3.1571,141600,NEAR BAY
-122.2,37.8,41,2070,354,804,340,5.1184,239600,NEAR BAY
-122.02,37.63,6,2445,590,1189,573,3.8958,301100,NEAR BAY
-120.81,38.73,42,1276,260,799,259,2.7273,128600,INLAND
-122.28,37.86,52,1659,367,788,346,2.8214,164300,NEAR BAY
-119.86,36.78,7,2232,490,1274,499,2.9853,74700,INLAND
-122.19,37.78,52,1070,193,555,190,3.7262,166900,NEAR BAY
-122.34,37.93,32,2389,652,1672,584,1.4423,88300,NEAR BAY
-122.12,37.88,35,2785,362,1001,363,8.0448,433300,NEAR BAY
-122.04,37.59,14,1727,302,1116,273,5.3428,243600,NEAR BAY
-119.49,36.58,21,2106,410,867,380,1.9913,95300,INLAND
-122.16,37.76,45,2299,514,1437,484,2.5122,95500,NEAR BAY
-122.23,37.78,52,862,215,994,213,3.0257,80800,NEAR BAY
-119.97,38.94,26,1485,334,406,180,1.9667,84600,INLAND
-122.03,37.99,37,1755,327,882,350,4.59,166600,NEAR BAY
-122.18,37.73,42,4074,874,2736,780,2.455,82400,NEAR BAY
-121.04,38.81,11,3522,623,1456,544,3.93,163400,INLAND
-121.57,39.74,17,1619,292,705,285,2.4623,126100,INLAND
-122.28,37.87,46,3022,696,1293,675,2.543,220700,NEAR BAY
-119.76,36.71,29,1745,441,1530,391,1.5611,44400,INLAND
-119.67,36.57,32,1604,292,868,276,2.1908,110000,INLAND
-121.76,37.7,9,3980,736,1705,679,5.7068,256700,INLAND
-122.15,37.71,36,998,178,531,183,4.0208,191500,NEAR BAY
-122.02,37.59,18,1165,333,855,319,3.6923,213200,NEAR BAY
-119.81,36.78,35,1012,245,633,240,2.0324,55500,INLAND
-122.08,37.65,35,1813,393,1093,374,3.6818,165400,NEAR BAY
-122.27,37.77,52,1731,377,872,363,4.1667,225800,NEAR BAY
-121.47,39.51,19,3720,636,1304,607,2.6921,97500,INLAND
-119.94,38.96,20,1451,386,467,255,1.5536,212500,INLAND
-119.8,36.73,45,925,231,797,228,1.7011,44800,INLAND
-119.8,36.83,17,1560,261,709,258,4.3315,95800,INLAND
-119.8,36.65,34,2263,423,1184,407,1.7692,74200,INLAND
-122.25,37.81,39,854,242,389,228,3.125,237500,NEAR BAY
-122.18,37.77,52,2744,547,1479,554,2.2768,96200,NEAR BAY
-119.49,37.1,24,2532,555,1564,507,2.3359,92400,INLAND
-119.86,36.45,19,2439,462,1416,469,2.4474,75600,INLAND
-122.25,37.86,52,1389,191,514,202,7.0897,446200,NEAR BAY
-119.69,36.79,13,1736,313,993,314,3.7697,83600,INLAND
-124.17,41.76,20,2673,538,1282,514,2.4605,105900,NEAR OCEAN
-122.27,37.81,40,880,451,582,380,0.977,118800,NEAR BAY
-122.28,37.75,20,1156,365,583,326,3.1972,100000,NEAR BAY
-121.82,38.01,50,1120,281,625,239,1.5988,96400,INLAND
-122.3,37.97,34,2854,528,1211,452,3.5353,164700,NEAR BAY
-120.38,36.76,12,932,244,1043,243,1.4038,54300,INLAND
-122.27,38.04,47,1685,405,835,372,2.3103,134500,NEAR BAY
-119.76,36.75,35,1607,383,1407,382,2.19,53400,INLAND
-119.96,38.84,17,2722,512,828,289,3.5714,109700,INLAND
-121.83,39.73,52,1741,401,753,377,2.0064,77900,INLAND
-122.23,37.79,48,1696,396,1481,343,2.0375,122500,NEAR BAY
-122.12,38.0,20,6992,1404,3221,1334,4.2042,166400,NEAR BAY
-122.28,37.78,50,1487,306,730,327,2.5139,219000,NEAR BAY
-122.11,37.66,35,2843,652,1726,643,3.09,174100,NEAR BAY
-122.13,37.68,43,1676,340,924,328,3.6,179400,NEAR BAY
-121.65,39.32,40,812,154,374,142,2.7891,73500,INLAND
-121.53,39.44,26,1340,255,662,239,2.6071,57100,INLAND
-122.32,37.94,38,2751,522,1390,489,3.7277,165100,NEAR BAY
-122.04,37.97,39,1323,245,705,261,3.1968,151000,NEAR BAY
-122.28,37.89,52,2315,408,835,369,4.5893,290100,NEAR BAY
-122.26,37.83,51,936,311,517,249,1.2852,150000,NEAR BAY
-121.58,39.51,24,1865,372,1087,385,1.6389,56700,INLAND
-121.84,39.68,38,549,105,275,94,3.5375,153100,INLAND
-120.79,38.7,13,5036,1034,2243,923,2.3319,138500,INLAND
-120.83,38.74,17,3685,775,1714,734,2.2269,128300,INLAND
-122.25,37.77,52,2156,458,872,445,3.2685,254200,NEAR BAY
-120.81,38.74,29,2259,482,1099,463,2.3314,121600,INLAND
-122.27,37.91,47,1930,315,692,296,6.3669,315500,NEAR BAY
-119.65,36.51,30,1671,319,966,282,3.1333,100000,INLAND
-119.73,36.74,14,6202,1551,5561,1435,1.6073,64700,INLAND
-122.27,37.77,23,5679,1270,2690,1151,4.7695,291700,NEAR BAY
-122.27,37.84,52,2436,541,1015,478,1.725,113900,NEAR BAY
-122.2,37.8,46,2041,405,1059,399,3.8487,203300,NEAR BAY
-122.37,37.96,37,1572,402,1046,350,0.7403,68600,NEAR BAY
-122.23,37.79,43,5963,1344,4367,1231,2.1917,112800,NEAR BAY
-122.01,37.97,32,3012,527,1288,512,3.6449,211500,NEAR BAY
-122.35,37.96,36,2191,531,1563,524,2.5164,114200,NEAR BAY
-122.19,37.84,18,1617,210,533,194,11.6017,392600,NEAR BAY
-122.26,37.89,52,3078,494,1005,462,6.381,342200,NEAR BAY
-122.18,37.75,45,990,261,901,260,2.1731,82000,NEAR BAY
-122.31,38.0,26,3735,641,1708,633,4.621,191100,NEAR BAY
-122.22,37.8,52,2183,465,1129,460,3.2632,227700,NEAR BAY
-121.19,39.55,17,1483,284,481,211,1.4896,83300,INLAND
-122.21,37.79,52,762,190,600,195,3.0893,125000,NEAR BAY
-121.98,37.58,20,4126,1031,2079,975,3.6832,216900,<1H OCEAN
-121.55,39.44,31,1434,283,811,289,1.7727,49000,INLAND
-119.85,36.43,23,1824,354,1146,362,2.8913,60900,INLAND
-119.85,36.8,14,1876,324,1031,311,3.6563,88800,INLAND
-120.1,36.66,19,2020,416,1341,360,1.7,69000,INLAND
-121.79,37.99,18,3646,534,1651,535,5.7321,164700,INLAND
-121.97,37.76,8,3743,581,1633,567,6.7027,381900,<1H OCEAN
-122.28,37.85,52,610,145,281,132,2.9018,119400,NEAR BAY
-122.27,37.85,40,751,184,409,166,1.3578,147500,NEAR BAY
-122.23,37.81,52,1433,229,612,213,4.7708,314700,NEAR BAY
-122.1,37.65,25,2538,494,1185,501,4.5417,194400,NEAR BAY
-120.06,36.72,32,981,237,736,249,1.8,60400,INLAND
-121.74,37.95,5,4980,774,2399,763,5.7104,186300,INLAND
-121.83,37.99,23,1970,296,935,279,4.4853,145900,INLAND
-122.06,37.54,20,6483,1068,3526,1060,5.0838,248200,NEAR BAY
-122.19,37.83,28,1326,184,463,190,8.2049,335200,NEAR BAY
-122.16,37.89,32,1779,241,721,258,8.7589,434500,NEAR BAY
-122.18,37.68,5,2087,407,840,401,5.4858,187800,NEAR BAY
-122.28,37.9,52,2261,328,819,335,4.9083,346800,NEAR BAY
-121.68,39.82,15,3996,748,1786,728,3.5189,141300,INLAND
-122.15,37.72,29,4169,1047,2024,962,2.8125,157400,NEAR BAY
-120.04,36.74,14,3182,730,2298,721,1.6168,71800,INLAND
-121.09,38.68,15,5218,711,1949,659,4.7083,213300,INLAND
-119.91,36.83,29,2205,366,1072,345,3.8056,165400,INLAND
-121.9,38.02,12,1497,360,943,341,2.1417,122200,INLAND
-120.43,38.25,13,763,161,311,125,2.4583,112500,INLAND
-121.67,37.99,22,1046,195,527,164,4.375,213500,INLAND
-122.33,37.95,45,1585,329,981,373,3.0313,135800,NEAR BAY
-121.59,39.75,20,908,206,481,211,2.2,80800,INLAND
-122.13,37.71,44,1613,339,776,346,3.1103,188900,NEAR BAY
-120.51,36.86,21,1779,399,1446,371,2.4414,71900,INLAND
-119.84,36.79,21,3235,648,1820,614,3.3447,71400,INLAND
-119.8,36.76,52,2224,418,832,406,2.3952,78400,INLAND
-122.12,37.85,18,5252,686,1870,657,8.0074,454100,NEAR BAY
-120.0,38.93,17,8005,1382,999,383,3.9722,313400,INLAND
-121.85,37.72,43,228,40,83,42,10.3203,400000,INLAND
-119.53,36.78,20,2822,479,1372,455,4.5625,136900,INLAND
-122.16,39.78,32,1288,221,562,203,2.325,69600,INLAND
-122.27,37.82,21,896,453,735,438,0.9218,171900,NEAR BAY
-122.08,37.93,35,4043,689,1832,662,5.0761,233200,NEAR BAY
-122.06,37.88,34,4781,703,1879,714,6.5378,340900,NEAR BAY
-122.01,37.98,29,2001,373,956,370,4.317,194000,NEAR BAY
-122.08,37.92,26,1733,265,796,274,6.195,264900,NEAR BAY
-120.99,38.69,5,5743,1074,2651,962,4.1163,172500,INLAND
-122.27,37.85,52,1974,426,875,363,1.5817,153600,NEAR BAY
-122.25,37.8,41,1471,469,1062,413,1.6121,171400,NEAR BAY
-122.28,37.85,44,1025,198,506,204,1.73,147900,NEAR BAY
-122.07,37.59,13,2578,551,1680,528,4.825,222000,NEAR BAY
-121.97,37.53,35,2277,420,1353,413,4.75,197000,<1H OCEAN
-120.0,38.92,26,529,116,191,83,3.5,103600,INLAND
-122.12,37.71,35,1037,207,552,210,4.0,167900,NEAR BAY
-119.69,36.71,25,556,79,249,71,4.4583,108300,INLAND
-122.26,37.88,52,2363,604,1558,573,2.944,338900,NEAR BAY
-120.02,38.92,24,1194,246,414,151,3.2396,101900,INLAND
-122.04,37.58,14,14917,2708,8012,2606,5.6277,269800,NEAR BAY
-119.84,36.84,12,2396,290,863,258,8.7716,229200,INLAND
-122.25,38.0,16,2978,411,1531,400,6.5006,237700,NEAR BAY
-122.0,37.84,16,7681,946,2777,908,9.5271,500001,<1H OCEAN
-122.29,37.88,50,1211,261,523,227,3.8672,216700,NEAR BAY
-122.07,37.66,21,5031,1168,2461,1042,3.875,179300,NEAR BAY
-122.29,37.83,52,1121,211,554,187,3.3929,75700,NEAR BAY
-119.73,36.83,14,3348,491,1584,493,5.0828,111400,INLAND
-121.79,39.73,8,5690,1189,2887,1077,3.0625,116300,INLAND
-121.89,37.67,19,2034,288,852,295,6.5285,300400,INLAND
-122.22,37.79,37,2343,574,1608,523,2.1494,132500,NEAR BAY
-122.13,37.66,19,862,167,407,183,4.3456,163000,NEAR BAY
-122.02,37.94,23,3516,661,1465,623,4.2569,213100,NEAR BAY
-122.11,37.69,42,1472,310,768,309,3.4643,160900,NEAR BAY
-122.28,37.83,52,3108,813,1623,765,2.6997,126900,NEAR BAY
-122.28,37.83,52,1511,390,901,403,1.4103,103900,NEAR BAY
-121.56,39.51,46,1885,385,871,347,1.6352,53100,INLAND
-122.12,37.7,41,3495,787,1849,750,2.679,144900,NEAR BAY
-122.27,38.0,12,1592,242,969,233,6.1576,248700,NEAR BAY
-122.31,37.99,25,6508,1137,3259,1081,4.2348,157800,NEAR BAY
-122.31,37.91,31,1432,348,681,348,2.7243,218100,NEAR BAY
-122.09,37.65,35,1130,192,543,184,4.3897,190600,NEAR BAY
-122.21,37.78,52,1056,224,792,245,2.6583,142600,NEAR BAY
-122.25,37.84,52,3104,687,1157,647,3.12,241400,NEAR BAY
-122.36,37.92,52,215,41,126,43,1.3929,104200,NEAR BAY
-121.95,37.74,19,5721,837,2653,813,6.2631,266000,<1H OCEAN
-122.21,37.79,47,1543,307,859,292,2.9583,138800,NEAR BAY
-122.02,37.84,34,1879,265,729,263,7.7072,443800,NEAR BAY
-119.77,36.83,16,2360,355,1034,359,5.0635,108500,INLAND
-122.25,38.03,15,3338,532,1834,520,5.6293,197600,NEAR BAY
-121.81,39.71,18,1222,250,708,281,2.0288,116700,INLAND
-119.31,36.63,26,1874,416,1834,432,1.6486,55200,INLAND
-119.56,36.51,37,1018,213,663,204,1.6635,67000,INLAND
-122.27,37.86,52,834,186,494,175,3.15,206300,NEAR BAY
-119.8,36.79,45,1337,187,471,187,5.187,153800,INLAND
-121.97,37.97,24,1330,183,656,205,5.0092,244100,INLAND
-120.39,36.78,11,1947,488,2104,486,1.7184,55200,INLAND
-121.87,37.66,39,522,116,161,102,2.4896,238500,INLAND
-122.27,38.0,15,1216,166,572,178,5.8418,240300,NEAR BAY
-122.3,37.77,42,2038,368,2037,355,2.6447,200000,NEAR BAY
-122.27,37.8,39,1715,623,1327,467,1.8477,179200,NEAR BAY
-122.3,37.89,46,1520,402,815,375,2.8036,211600,NEAR BAY
-122.3,37.9,15,5083,1212,2420,1146,4.5824,256100,NEAR BAY
-122.29,37.98,27,2133,347,850,350,5.1046,209800,NEAR BAY
-121.62,39.77,23,1759,366,788,359,1.8125,93500,INLAND
-122.13,37.67,40,1748,318,914,317,3.8676,184000,NEAR BAY
-122.38,37.91,18,3507,711,1224,676,5.0524,269800,NEAR BAY
-122.01,37.55,26,2068,532,1434,495,3.3008,224200,NEAR BAY
-122.34,37.95,44,1675,317,806,311,3.0694,135300,NEAR BAY
-122.17,37.78,49,893,177,468,181,3.875,140600,NEAR BAY
-122.27,37.89,52,1978,293,723,272,5.3989,335600,NEAR BAY
-122.04,37.94,24,5732,873,2444,888,5.6292,231400,NEAR BAY
-122.27,37.78,13,2020,535,959,486,5.2601,292700,NEAR BAY
-122.27,37.9,52,2079,273,684,275,7.9556,374400,NEAR BAY
-121.79,37.66,22,14701,2210,6693,2232,5.98,245000,INLAND
-121.91,37.69,18,2876,423,1395,427,6.3132,259200,<1H OCEAN
-122.04,37.53,34,2316,478,1524,467,3.7364,190400,NEAR BAY
-119.63,36.64,33,1036,181,620,174,3.4107,110400,INLAND
-119.7,36.8,34,1768,303,888,314,3.8088,87700,INLAND
-122.27,37.88,37,2619,682,1152,616,2.52,277800,NEAR BAY
-120.51,36.55,20,1193,263,1274,241,1.9417,38800,INLAND
-119.94,38.95,25,1789,536,1134,396,2.32,91300,INLAND
-120.16,39.04,18,2040,402,350,129,4.0313,126000,INLAND
-122.28,37.88,52,1172,215,489,218,3.9167,235600,NEAR BAY
-119.79,36.79,19,1524,448,960,386,1.5122,47500,INLAND
-119.74,36.71,17,5872,1250,5034,1224,2.1905,61800,INLAND
-122.01,39.21,50,1592,372,781,307,2.2679,69100,INLAND
-119.44,36.59,32,1153,236,761,241,2.825,67600,INLAND
-121.88,37.99,16,3787,515,1606,507,5.5676,174200,INLAND
-122.28,37.9,52,2003,250,658,244,10.0825,397000,NEAR BAY
-120.67,37.97,9,7450,1475,2233,930,2.6528,133000,INLAND
-122.14,37.88,34,6986,1096,2865,1124,6.2275,394400,NEAR BAY
-119.71,36.81,19,1648,368,557,354,1.7969,72800,INLAND
-122.27,37.84,52,1503,298,690,275,2.6033,162900,NEAR BAY
-122.08,37.63,37,1793,364,1534,346,3.6458,156600,NEAR BAY
-121.88,38.01,9,5329,1284,2827,1202,2.7374,150000,INLAND
-122.28,37.81,35,948,184,467,169,1.8088,118800,NEAR BAY
-121.73,37.68,17,20354,3493,8768,3293,5.4496,238900,INLAND
-121.55,39.51,39,1551,353,684,310,2.0357,57600,INLAND
-122.04,39.22,27,1446,295,670,281,3.2625,92800,INLAND
-122.34,37.94,47,2313,433,947,430,3.942,143300,NEAR BAY
-122.14,37.74,52,1071,201,440,192,4.0662,204200,NEAR BAY
-122.13,37.68,45,2457,445,1129,422,4.0588,182800,NEAR BAY
-119.45,36.58,18,1425,280,753,266,3.7813,87300,INLAND
-119.74,36.85,3,10425,2121,4432,1778,3.9032,140800,INLAND
-119.78,36.75,31,1404,379,1515,387,1.2813,56400,INLAND
-119.73,36.8,24,1316,249,781,260,3.7578,69200,INLAND
-122.24,37.8,52,1591,373,1118,347,2.1563,128600,NEAR BAY
-121.94,38.03,27,1654,478,1141,420,1.4871,87100,INLAND
-122.28,37.86,52,2031,450,958,445,1.9327,169900,NEAR BAY
-122.07,37.58,16,1606,240,1117,268,6.0661,247000,NEAR BAY
-122.09,37.67,48,1252,305,673,308,2.3357,175000,NEAR BAY
-120.99,38.67,8,4913,744,2005,723,5.4413,187900,INLAND
-121.39,39.39,52,189,34,121,37,3.0208,60000,INLAND
-122.16,37.75,40,1227,294,928,261,1.8235,95200,NEAR BAY
-119.85,36.74,35,1191,190,537,182,3.5375,96700,INLAND
-121.65,39.76,31,1599,318,794,303,3.0,96700,INLAND
-122.3,37.92,32,3943,605,1524,614,6.0677,321600,NEAR BAY
-121.85,37.66,14,4236,701,1833,663,5.6399,300600,INLAND
-119.81,36.73,50,772,194,606,167,2.2206,59200,INLAND
-121.99,37.54,26,2332,371,1285,404,5.388,225000,<1H OCEAN
-122.31,38.01,18,4123,874,1895,772,3.2759,195000,NEAR BAY
-122.21,37.8,38,2254,535,951,487,3.0812,233100,NEAR BAY
-122.09,37.65,27,2630,722,1414,634,2.8203,195200,NEAR BAY
-122.3,38.0,34,1712,317,956,341,4.4394,162000,NEAR BAY
-121.81,37.99,18,2807,445,1315,437,4.8194,170400,INLAND
-122.22,37.81,52,1971,335,765,308,6.5217,273700,NEAR BAY
-121.84,39.73,52,857,232,520,198,0.987,112500,INLAND
-121.95,37.94,27,1469,216,578,219,5.9346,253600,INLAND
-122.32,37.93,40,1141,213,434,196,3.9464,186900,NEAR BAY
-122.28,37.88,52,2495,491,1058,464,4.1429,259600,NEAR BAY
-122.07,37.96,34,1692,290,836,289,5.0172,197100,NEAR BAY
-120.01,38.89,24,1669,422,589,281,3.0089,100800,INLAND
-121.96,37.52,26,4211,741,2352,734,5.2396,223900,<1H OCEAN
-120.22,36.49,14,1508,347,1679,345,2.4786,56000,INLAND
-120.77,38.38,15,4221,816,1737,743,2.3125,128600,INLAND
-122.27,37.88,52,1693,391,669,367,3.5417,287500,NEAR BAY
-119.79,36.72,41,1562,322,927,277,1.3047,44100,INLAND
-120.81,38.67,14,8396,1578,3952,1474,3.0565,118800,INLAND
-119.81,36.6,24,2246,462,1291,394,2.4006,76400,INLAND
-121.8,38.0,34,2738,475,1316,459,3.5368,122500,INLAND
-119.39,36.64,38,949,190,578,187,2.3618,80000,INLAND
-122.09,37.6,36,385,94,295,92,2.9706,147900,NEAR BAY
-121.97,37.54,31,1949,344,986,322,4.6349,196200,<1H OCEAN
-122.16,37.75,24,1790,454,1137,386,2.537,107900,NEAR BAY
-122.41,37.94,52,154,33,89,38,3.2875,275000,NEAR BAY
-122.07,37.94,43,1454,234,683,258,4.475,265700,NEAR BAY
-122.18,37.77,52,1748,362,1029,366,2.0556,100000,NEAR BAY
-119.44,36.59,28,1343,330,1331,305,1.516,56700,INLAND
-122.33,37.89,42,1342,291,551,266,4.5268,207400,NEAR BAY
-121.79,38.0,36,1141,234,562,213,2.5893,108500,INLAND
-121.82,39.73,44,2923,659,1371,626,2.2925,85800,INLAND
-122.23,37.76,52,1705,246,658,253,5.75,306300,NEAR BAY
-121.71,37.99,27,3861,718,2085,707,3.3558,129700,INLAND
-119.56,36.53,19,2746,495,1670,518,3.2019,95700,INLAND
-119.81,36.73,51,956,196,662,180,2.101,56700,INLAND
-121.62,39.5,18,2105,416,974,385,1.6346,63300,INLAND
-120.85,38.69,18,5928,1097,2697,1096,3.4872,141400,INLAND
-122.27,37.9,52,1803,240,572,236,6.174,358800,NEAR BAY
-119.32,36.62,15,1070,256,1070,243,1.5642,51500,INLAND
-121.98,37.8,16,2498,330,1027,343,8.155,343700,<1H OCEAN
-122.32,37.99,24,4865,968,2315,893,4.2852,173500,NEAR BAY
-121.88,38.03,52,1225,250,725,231,2.0,101400,INLAND
-122.1,37.72,30,2599,366,922,350,5.8382,330200,NEAR BAY
-122.07,38.0,37,978,202,462,184,3.625,156300,NEAR BAY
-122.15,37.76,39,1823,286,763,270,6.0749,196900,NEAR BAY
-121.88,37.64,20,1309,184,514,172,10.9506,475800,INLAND
-121.61,39.77,25,1612,313,837,303,2.963,89500,INLAND
-122.0,37.98,31,2030,337,867,341,5.0915,193200,INLAND
-121.92,37.73,24,1407,327,501,295,2.4821,157200,<1H OCEAN
-122.21,37.82,52,2375,333,813,350,7.0549,331400,NEAR BAY
-122.07,37.69,31,5914,1309,2999,1295,3.0964,190500,NEAR BAY
-121.6,39.75,19,2888,591,984,499,1.9766,92600,INLAND
-121.97,37.64,32,1283,194,485,171,6.0574,431000,<1H OCEAN
-119.84,36.85,8,3791,487,1424,475,10.5144,345900,INLAND
-120.02,36.8,25,1270,255,1050,245,2.1618,55300,INLAND
-122.25,37.8,36,1678,606,1645,543,2.2303,116700,NEAR BAY
-122.17,37.74,47,463,134,327,137,2.15,97200,NEAR BAY
-121.96,37.96,28,1838,273,899,270,5.2145,229200,INLAND
-122.2,37.76,47,1116,259,826,279,1.75,85700,NEAR BAY
-122.25,37.79,51,175,43,228,55,2.1,75000,NEAR BAY
-119.98,36.74,26,1453,251,896,260,3.4861,112500,INLAND
-122.26,37.88,52,1149,255,483,249,4.2788,332500,NEAR BAY
-119.83,36.8,24,3756,681,1586,739,3.8571,90100,INLAND
-121.46,39.4,17,3659,735,1970,667,2.425,96200,INLAND
-122.25,37.82,52,2474,403,1104,398,5.883,340700,NEAR BAY
-122.05,38.0,36,2476,472,1213,393,3.7333,136400,NEAR BAY
-122.0,37.98,35,1192,201,535,172,4.9219,182000,INLAND
-119.48,37.0,16,2904,551,1467,509,3.1736,111800,INLAND
-121.87,39.82,11,5103,825,2456,810,4.5032,159700,INLAND
-120.16,39.01,16,1463,264,54,26,4.975,206300,INLAND
-121.81,38.01,52,1124,245,528,226,2.2639,128500,INLAND
-121.67,39.34,22,1217,224,537,187,2.6607,84600,INLAND
-122.2,38.04,31,3029,500,1236,487,5.6022,197000,NEAR BAY
-122.26,37.86,52,2888,604,1253,538,3.3893,241700,NEAR BAY
-121.82,38.01,47,1265,254,587,247,2.6364,93500,INLAND
-119.87,36.54,34,1370,287,818,269,2.4044,72500,INLAND
-121.71,39.71,17,2748,556,1174,514,3.066,102600,INLAND
-122.25,37.76,52,2876,648,1340,632,3.567,252900,NEAR BAY
-122.1,37.66,37,901,191,599,206,3.7303,149700,NEAR BAY
-119.77,36.8,24,3748,770,1827,719,2.7222,83100,INLAND
-122.32,37.94,46,1901,295,833,352,5.5196,210800,NEAR BAY
-122.19,37.73,44,1066,253,825,244,2.1538,79700,NEAR BAY
-122.08,37.64,23,1897,440,1109,418,3.142,179500,NEAR BAY
-122.27,37.86,52,2307,583,1127,548,1.8447,198200,NEAR BAY
-122.27,37.78,52,1408,280,718,265,2.6806,207900,NEAR BAY
-122.17,37.72,5,1692,398,814,328,3.663,158300,NEAR BAY
-121.8,37.7,22,5533,943,2474,910,4.7361,216800,INLAND
-122.36,37.93,42,1796,389,1107,372,1.9375,87000,NEAR BAY
-122.03,37.98,45,2842,567,1261,535,3.6042,138200,NEAR BAY
-121.84,37.99,13,4545,952,2188,901,3.3625,126100,INLAND
-121.89,39.76,15,10265,1860,4591,1906,3.07,142600,INLAND
-122.17,37.76,41,1594,367,1074,355,1.9356,90600,NEAR BAY
-121.99,37.98,23,2293,411,969,399,4.4536,184000,INLAND
-122.0,37.95,9,2214,256,848,239,6.8145,339200,INLAND
-119.86,36.81,4,4530,1070,1804,837,3.3942,72100,INLAND
-122.0,37.58,6,4405,717,2071,688,5.8151,295600,<1H OCEAN
-119.78,36.76,47,1425,323,949,325,1.7344,51300,INLAND
-122.23,37.8,52,1252,299,844,280,2.3929,111900,NEAR BAY
-120.34,38.25,17,5497,1056,997,408,2.9821,111500,INLAND
-122.11,37.67,32,3028,811,2037,703,3.0645,165400,NEAR BAY
-122.04,37.97,26,2470,626,1174,573,2.9861,160900,NEAR BAY
-122.18,37.81,30,292,38,126,52,6.3624,483300,NEAR BAY
-122.07,37.88,11,1077,318,590,264,3.5536,387200,NEAR BAY
-122.01,37.94,18,2077,298,937,292,6.3809,273600,NEAR BAY
-122.36,37.94,45,907,188,479,161,3.0862,79000,NEAR BAY
-122.28,37.89,52,2616,473,1085,487,4.125,270900,NEAR BAY
-122.1,38.02,28,4308,824,2086,776,3.6523,159700,NEAR BAY
-122.01,37.95,8,3866,539,1555,513,6.0901,298200,NEAR BAY
-119.97,36.44,18,1128,237,772,220,2.1771,39200,INLAND
-121.57,39.48,15,202,54,145,40,0.8252,42500,INLAND
-122.24,38.01,16,2084,315,1154,307,6.0102,235600,NEAR BAY
-122.04,37.63,21,1307,236,586,249,4.7813,241900,NEAR BAY
-120.78,38.73,31,3117,616,1606,588,2.9844,127900,INLAND
-122.03,37.95,32,1955,313,804,317,4.9485,202300,NEAR BAY
-120.58,38.77,15,2155,394,857,356,4.03,141200,INLAND
-122.35,37.93,41,268,75,198,82,3.2222,156300,NEAR BAY
-120.76,38.65,17,2319,430,1126,372,3.5511,155900,INLAND
-119.63,36.58,22,1794,435,1127,359,1.2647,55300,INLAND
-119.81,36.81,33,3972,594,1324,561,5.4513,143300,INLAND
-119.7,36.83,23,3532,756,1885,758,2.5904,71400,INLAND
-122.19,37.8,52,1813,271,637,277,4.0114,263400,NEAR BAY
-122.28,37.8,52,215,87,904,88,0.8668,137500,NEAR BAY
-122.34,37.95,45,1128,240,702,270,3.6719,134100,NEAR BAY
-121.78,38.0,8,2371,375,1094,396,5.3245,174500,INLAND
-121.54,39.48,29,2896,596,1809,617,1.8047,53800,INLAND
-122.26,37.84,42,2555,665,1206,595,2.0804,226700,NEAR BAY
-119.73,36.73,9,1621,428,678,394,2.2437,54200,INLAND
-122.29,37.84,35,1872,419,1017,414,2.2106,132500,NEAR BAY
-119.54,36.7,20,1815,375,1665,357,2.2448,58900,INLAND
-122.04,37.99,38,2675,541,1378,480,3.8897,139900,NEAR BAY
-119.43,36.59,15,1371,306,1266,309,1.767,63300,INLAND
-119.79,36.77,43,2323,502,1144,471,2.3967,58700,INLAND
-121.74,39.59,24,1535,279,726,272,2.3833,95100,INLAND
-122.17,37.76,38,1764,397,987,354,2.4333,98200,NEAR BAY
-121.54,40.06,17,858,262,47,27,2.4028,67500,INLAND
-122.26,38.04,41,2512,539,1179,480,2.694,123000,NEAR BAY
-119.8,36.78,50,1818,374,737,338,2.2614,73000,INLAND
-122.14,37.7,17,1463,292,695,330,4.5859,187200,NEAR BAY
-122.03,37.83,24,5948,738,1997,710,9.8708,500001,NEAR BAY
-122.26,37.77,52,1704,371,663,340,4.226,275000,NEAR BAY
-122.16,37.71,37,1507,242,632,253,4.5553,191000,NEAR BAY
-121.41,39.72,17,1583,331,730,306,2.3895,87500,INLAND
-122.26,38.0,14,2338,391,1003,398,4.2269,170500,NEAR BAY
-121.81,38.0,37,2724,579,1400,540,2.905,97300,INLAND
-120.02,38.86,19,2429,459,883,300,3.017,97600,INLAND
-122.01,37.92,16,2638,345,1055,334,8.1163,365800,NEAR BAY
-122.1,37.63,18,9963,2031,5613,1946,3.8171,187200,NEAR BAY
-121.97,37.95,8,4253,709,1883,662,5.431,246700,INLAND
-122.18,37.73,44,548,119,435,136,2.1111,79700,NEAR BAY
-122.24,37.81,52,2026,482,709,456,3.2727,268500,NEAR BAY
-122.26,37.77,52,1848,479,921,477,2.875,234000,NEAR BAY
-122.14,37.68,27,3337,613,1489,607,3.6364,219200,NEAR BAY
-122.17,37.75,43,1587,320,907,306,1.9821,98300,NEAR BAY
-121.99,37.56,20,6462,1294,3288,1235,4.3393,231200,<1H OCEAN
-122.33,37.92,26,3887,779,2512,740,2.2301,122400,NEAR BAY
-122.17,37.77,30,3326,746,1704,703,2.875,135300,NEAR BAY
-122.08,37.61,6,2605,474,1568,433,5.0406,261400,NEAR BAY
-120.41,38.33,17,1463,338,529,226,3.024,100900,INLAND
-120.79,38.24,19,1003,235,538,190,2.9821,90400,INLAND
-122.25,37.79,52,902,237,846,227,3.625,125000,NEAR BAY
-122.06,37.68,30,5367,1207,2667,1047,3.1796,170300,NEAR BAY
-122.25,37.83,35,1613,428,675,422,3.4722,243100,NEAR BAY
-122.23,37.82,52,1611,203,556,179,8.7477,500001,NEAR BAY
-122.2,37.77,39,2689,597,1888,537,2.2562,94800,NEAR BAY
-119.76,36.83,22,2803,438,1234,457,4.5179,99600,INLAND
-120.1,38.91,33,1561,282,30,11,1.875,500001,INLAND
-119.75,36.83,15,2793,436,1411,441,4.9292,109400,INLAND
-122.29,37.87,50,1829,536,1129,516,2.6684,185600,NEAR BAY
-121.85,39.77,17,5273,1177,2446,1199,1.9362,89900,INLAND
-122.0,38.03,4,2341,408,1235,431,6.0424,165900,INLAND
-120.18,36.59,25,948,198,613,171,2.3026,90600,INLAND
-121.66,37.93,19,2055,358,1064,350,4.7426,263100,INLAND
-119.72,36.8,23,2128,442,1047,450,2.625,71500,INLAND
-122.29,37.87,52,2225,460,1145,430,2.6165,150000,NEAR BAY
-119.79,36.74,52,173,87,401,84,2.1094,75000,INLAND
-122.13,38.01,51,1262,309,608,298,2.1974,139300,NEAR BAY
-122.16,37.72,10,2229,601,877,485,3.3431,137500,NEAR BAY
-122.2,37.81,45,2964,436,1067,426,6.7851,323500,NEAR BAY
-122.24,37.83,41,2576,406,794,376,5.956,366100,NEAR BAY
-122.09,37.66,40,1340,313,766,271,3.4722,135400,NEAR BAY
-119.83,36.73,21,1702,358,1347,316,2.4137,62100,INLAND
-121.99,37.96,16,3324,479,1470,461,7.6166,260400,INLAND
-121.99,37.92,14,1780,224,764,226,9.0243,427700,INLAND
-121.77,37.68,36,1687,372,950,372,3.5532,158400,INLAND
-121.97,37.52,23,4925,948,2530,894,5.0824,230900,<1H OCEAN
-122.23,37.82,52,3051,381,1005,369,8.1872,466100,NEAR BAY
-122.21,37.8,52,3519,711,1883,706,3.4861,187100,NEAR BAY
-122.01,37.56,24,2563,485,1174,501,3.8179,216100,NEAR BAY
-119.44,36.61,17,1531,280,775,246,3.9073,91600,INLAND
-122.18,37.75,36,1047,214,651,166,1.712,82100,NEAR BAY
-122.15,37.73,28,2215,587,830,573,2.1898,141700,NEAR BAY
-122.26,37.9,52,1927,279,705,288,7.8864,357300,NEAR BAY
-122.37,37.95,35,215,45,100,34,1.6023,81300,NEAR BAY
-122.25,37.77,43,4329,1110,2086,1053,2.975,243400,NEAR BAY
-120.46,36.87,20,1287,310,954,269,1.3386,63000,INLAND
-119.28,37.11,34,1901,394,171,73,3.0729,144600,INLAND
-122.33,37.98,32,1967,348,1144,364,4.4135,150100,NEAR BAY
-119.87,36.72,30,1584,316,984,300,2.0658,67900,INLAND
-122.12,37.68,40,1553,253,724,267,4.38,196400,NEAR BAY
-121.94,38.02,29,5765,1170,3266,1131,2.7907,113900,INLAND
-122.26,37.77,52,1670,350,793,299,2.9732,282100,NEAR BAY
-122.14,37.67,36,1487,249,641,243,4.0682,196200,NEAR BAY
-122.17,37.71,38,890,200,481,198,3.244,179800,NEAR BAY
-122.27,37.84,52,1688,337,853,325,2.1806,99700,NEAR BAY
-119.68,36.63,39,1237,256,638,239,3.0139,65300,INLAND
-119.55,36.72,6,1186,234,1135,218,2.1515,63900,INLAND
-122.19,37.76,26,1293,297,984,303,1.9479,85800,NEAR BAY
-120.5,38.87,10,81,41,55,16,4.9583,87500,INLAND
-122.34,37.95,39,1986,427,1041,385,3.2333,135100,NEAR BAY
-122.25,37.81,28,5806,1603,2563,1497,3.2177,273400,NEAR BAY
-121.93,37.78,2,227,35,114,49,3.1591,434700,<1H OCEAN
-122.2,37.88,36,1065,160,398,155,7.7736,378100,NEAR BAY
-119.41,36.68,18,1802,332,945,292,3.4044,115300,INLAND
-122.03,37.99,35,3103,537,1614,566,4.9022,169300,NEAR BAY
-122.26,37.86,52,3497,832,1493,794,2.9044,257400,NEAR BAY
-122.26,37.87,52,1087,371,3337,350,1.4012,175000,NEAR BAY
-122.06,37.67,22,3882,816,1830,743,4.2733,180700,NEAR BAY
-122.29,37.89,52,3171,698,1498,696,3.1795,218200,NEAR BAY
-120.45,36.86,34,673,173,539,182,2.3523,66000,INLAND
-120.65,38.5,10,1783,337,638,262,2.65,116700,INLAND
-119.71,36.82,12,2144,568,1320,566,2.3381,112500,INLAND
-119.82,36.82,28,2268,336,752,330,5.2809,151500,INLAND
-119.85,36.82,16,1852,274,887,286,5.5405,119300,INLAND
-121.97,37.79,17,5688,824,2111,773,6.6131,312500,<1H OCEAN
-122.13,37.75,36,768,93,229,93,5.3602,330000,NEAR BAY
-122.16,37.74,44,1097,239,609,215,2.0227,103100,NEAR BAY
-119.45,36.6,42,510,88,247,99,2.5,73000,INLAND
-122.06,37.99,16,2445,469,721,474,2.8043,87500,NEAR BAY
-122.0,37.96,28,4071,713,2033,647,4.5833,190700,INLAND
-121.89,37.66,3,1565,464,769,461,2.1187,231300,INLAND
-121.93,37.66,24,3166,424,1081,400,8.3337,500001,<1H OCEAN
-121.54,39.6,15,886,204,576,205,2.1467,84100,INLAND
-121.7,37.98,9,3079,519,1562,512,5.1041,172900,INLAND
-121.63,39.75,37,1296,296,569,257,1.8616,70500,INLAND
-121.68,37.98,19,3388,599,1707,575,3.6411,162800,INLAND
-119.78,36.75,49,1175,307,982,278,1.2937,52000,INLAND
-122.02,37.6,36,1633,345,1382,338,3.694,159600,NEAR BAY
-122.11,37.83,19,5130,741,1887,712,7.203,369900,NEAR BAY
-122.18,37.88,36,542,119,231,121,4.9,354200,NEAR BAY
-122.11,37.7,23,1689,461,828,443,2.1552,161400,NEAR BAY
-122.19,37.79,47,1229,243,582,256,2.9514,198100,NEAR BAY
-121.98,37.96,12,5048,1122,2209,1014,3.1573,126700,INLAND
-120.54,38.07,37,736,148,339,140,2.2875,79900,INLAND
-121.47,39.49,17,1554,242,553,230,3.2174,91800,INLAND
-119.78,36.71,35,1987,394,1233,383,1.3587,45300,INLAND
-120.56,38.09,34,2745,559,1150,491,2.3654,94900,INLAND
-122.28,37.96,35,1579,243,734,264,5.5,201000,NEAR BAY
-119.79,36.7,23,1731,363,1210,341,1.3922,49500,INLAND
-122.33,37.93,27,2158,424,1220,442,3.0156,111500,NEAR BAY
-121.44,39.5,26,1652,325,790,292,3.0446,90800,INLAND
-120.37,36.13,10,2522,533,1335,493,3.2639,86400,INLAND
-122.17,37.72,43,3783,814,2139,789,4.0202,166300,NEAR BAY
-122.27,37.87,49,1350,368,707,350,2.8846,211300,NEAR BAY
-120.87,38.71,13,2692,470,1302,420,4.0,167400,INLAND
-121.81,38.01,47,1942,430,1074,393,2.2361,105100,INLAND
-122.09,37.89,35,880,139,352,132,6.8686,406500,NEAR BAY
-122.18,37.76,52,754,175,447,165,3.9063,93800,NEAR BAY
-122.29,37.81,20,835,161,290,133,2.483,137500,NEAR BAY
-119.9,36.79,22,1970,332,1066,319,3.3125,106100,INLAND
-121.55,39.51,50,1050,288,485,260,1.1607,51700,INLAND
-122.31,37.92,38,1250,236,631,279,3.724,220100,NEAR BAY
-122.25,37.82,26,3959,1196,1749,1217,3.0233,255000,NEAR BAY
-122.27,37.9,52,2041,270,671,253,6.9414,417500,NEAR BAY
-122.19,37.79,28,3144,761,1737,669,2.9297,140500,NEAR BAY
-121.97,37.8,17,3279,418,1222,381,7.9168,356000,<1H OCEAN
-121.89,38.02,36,2707,550,1827,545,3.3371,94600,INLAND
-122.28,37.87,49,2026,548,963,521,1.9805,173700,NEAR BAY
-121.78,37.66,25,1947,418,900,354,3.8523,193000,INLAND
-122.18,39.75,30,4157,834,1885,774,1.6948,67500,INLAND
-122.26,37.83,52,2432,715,1377,696,2.5898,176000,NEAR BAY
-122.16,37.73,52,2260,416,994,412,4.1164,198200,NEAR BAY
-122.11,37.89,32,2372,516,1067,492,4.3235,279500,NEAR BAY
-122.35,37.94,34,1880,459,1358,422,1.6571,105200,NEAR BAY
-122.23,37.76,52,2269,323,805,321,4.7188,335300,NEAR BAY
-122.04,37.57,12,5719,1064,3436,1057,5.2879,231200,NEAR BAY
-122.41,37.98,36,60,15,42,25,1.4583,67500,NEAR BAY
-122.28,37.81,52,340,97,200,87,1.5208,112500,NEAR BAY
-122.02,37.97,36,2342,436,1191,416,4.0,171000,NEAR BAY
-122.23,38.06,52,1350,266,490,257,3.125,171100,NEAR BAY
-121.99,37.97,22,2823,509,1271,474,5.1333,207200,INLAND
-122.02,37.8,11,6200,907,2286,896,7.6518,359300,NEAR BAY
-119.73,36.77,24,4410,939,2362,862,2.9406,73000,INLAND
-119.67,36.65,20,2512,449,1464,450,3.9211,92300,INLAND
-122.35,37.92,36,921,200,585,236,1.9224,94000,NEAR BAY
-121.59,39.77,24,1535,276,664,273,2.3068,97300,INLAND
-119.81,36.77,43,2341,395,890,375,3.4265,85000,INLAND
-122.33,37.94,42,1695,345,719,334,3.9417,139100,NEAR BAY
-120.93,38.77,9,2229,355,788,341,5.5111,196300,INLAND
-119.8,36.8,43,1951,288,725,308,6.3359,169300,INLAND
-122.05,37.87,30,2296,329,847,322,6.7192,397500,NEAR BAY
-119.74,36.79,28,2857,619,1614,592,2.1573,71400,INLAND
-121.83,38.0,15,6365,1646,3838,1458,2.5495,103600,INLAND
-121.93,37.89,13,2085,292,852,264,7.3445,366700,INLAND
-121.91,37.71,25,4377,668,2038,671,5.7233,231800,<1H OCEAN
-119.75,36.74,39,1740,351,1098,347,1.8958,51300,INLAND
-122.07,37.63,35,1931,376,1175,337,3.7292,168100,NEAR BAY
-121.88,37.67,16,4070,624,1543,577,6.5214,311500,INLAND
-119.82,36.83,14,2982,412,1408,423,5.3241,123000,INLAND
-122.07,37.63,24,2329,465,1401,453,4.5913,177600,NEAR BAY
-122.01,37.59,2,838,295,240,149,2.875,237500,NEAR BAY
-122.16,37.77,45,2324,397,968,384,3.5739,176000,NEAR BAY
-122.14,37.72,45,1397,253,555,248,2.983,202700,NEAR BAY
-119.75,36.75,49,2331,460,1290,477,2.5111,55400,INLAND
-120.79,38.43,40,1391,246,546,214,3.9107,129800,INLAND
-122.34,37.94,44,1917,444,936,435,2.7391,140300,NEAR BAY
-122.34,37.93,30,2515,481,1327,428,2.1287,95000,NEAR BAY
-121.93,37.93,16,2169,262,877,245,6.6049,312600,INLAND
-122.28,37.86,52,3007,691,1582,636,2.5652,157700,NEAR BAY
-122.28,37.82,52,1170,235,701,233,1.6098,87500,NEAR BAY
-121.97,37.87,4,1029,126,416,122,13.4883,500001,INLAND
-122.07,37.98,12,6915,1639,2940,1468,4.0154,186100,NEAR BAY
-122.08,37.64,36,786,133,463,160,3.9338,182700,NEAR BAY
-121.96,38.02,35,2691,542,1409,505,3.016,95300,INLAND
-121.55,39.48,41,461,107,284,90,2.2045,41800,INLAND
-122.2,37.89,37,3881,560,1315,517,7.3195,367500,NEAR BAY
-119.78,36.78,31,2164,456,959,463,2.3293,73400,INLAND
-119.21,37.25,44,3042,697,335,115,4.1838,85600,INLAND
-122.03,37.91,29,5438,871,2310,890,5.0362,275300,NEAR BAY
-122.19,37.78,52,2492,415,1109,375,4.3125,164400,NEAR BAY
-122.27,37.83,48,1798,432,987,374,1.0972,104500,NEAR BAY
-122.14,37.73,43,2264,390,931,368,3.8125,235100,NEAR BAY
-122.02,37.98,40,1797,401,756,369,2.8456,165500,NEAR BAY
-122.25,37.82,32,3809,1098,1806,1022,2.6429,218500,NEAR BAY
-119.59,36.52,35,990,192,674,178,3.3214,101600,INLAND
-122.24,37.81,52,2093,550,918,483,2.7477,243800,NEAR BAY
-119.53,36.65,43,1676,320,1056,276,2.5562,93200,INLAND
-122.01,37.97,34,3259,498,1250,478,5.3794,206200,NEAR BAY
-121.82,38.01,42,1017,253,798,266,2.1719,99100,INLAND
-120.35,36.14,9,2671,647,1484,541,1.7075,60400,INLAND
-122.08,37.71,35,2211,350,1004,365,5.4639,238600,NEAR BAY
-121.84,39.75,29,4362,1053,2053,1000,1.7284,74500,INLAND
-119.69,36.73,30,2437,349,1005,380,7.2211,171700,INLAND
-122.27,37.77,52,2388,559,1121,518,3.3269,234500,NEAR BAY
-122.25,37.89,41,1125,195,356,181,6.1593,344000,NEAR BAY
-121.96,37.76,8,3865,463,1548,432,9.7037,425100,<1H OCEAN
-122.02,38.0,28,2965,533,1591,472,4.6375,178200,NEAR BAY
-119.78,36.65,27,1226,240,706,211,2.77,68400,INLAND
-120.36,38.21,10,4300,845,1480,609,2.8208,139900,INLAND
-120.19,36.61,29,1479,338,1408,322,2.293,57200,INLAND
-121.97,37.57,21,4342,783,2172,789,4.6146,247600,<1H OCEAN
-122.09,37.65,35,1184,200,572,194,4.7143,193800,NEAR BAY
-122.0,37.96,32,3364,666,1980,678,3.7,179000,INLAND
-122.19,37.74,43,707,147,417,155,2.5139,83400,NEAR BAY
-119.83,36.72,28,60,10,46,13,4.35,67500,INLAND
-121.96,37.95,25,4026,791,1850,709,4.1483,181200,INLAND
-122.01,37.94,26,1619,224,706,220,6.0704,268000,NEAR BAY
-120.37,38.23,13,4401,829,924,383,2.6942,123500,INLAND
-122.17,37.88,33,3626,502,1348,480,7.6107,423200,NEAR BAY
-119.82,36.8,33,1670,256,528,250,2.9471,99500,INLAND
-121.57,39.76,20,1384,257,557,232,2.0882,104900,INLAND
-119.69,36.75,13,2343,409,1347,405,4.0027,93100,INLAND
-121.92,37.48,23,4314,676,1972,623,5.3813,264400,<1H OCEAN
-120.76,38.6,14,2925,625,1226,437,2.5865,133800,INLAND
-119.7,36.82,25,2379,540,1482,484,2.3173,68200,INLAND
-120.78,38.74,28,4236,877,2008,881,2.1603,111300,INLAND
-122.28,37.86,52,938,195,393,189,3.8594,196400,NEAR BAY
-119.85,36.82,15,1387,236,638,195,5.5842,88900,INLAND
-122.34,37.94,31,1611,455,786,411,1.681,145500,NEAR BAY
-122.12,37.71,38,1164,284,632,289,3.0345,152100,NEAR BAY
-120.02,38.76,15,3142,618,725,285,4.3333,121400,INLAND
-122.07,37.67,27,3239,671,1469,616,3.2465,230600,NEAR BAY
-121.53,39.52,24,1028,185,471,186,2.9688,86400,INLAND
-119.8,36.72,43,1286,360,972,345,0.9513,50400,INLAND
-122.04,37.66,10,2031,357,867,352,5.3169,299200,NEAR BAY
-119.77,36.78,36,3616,779,1994,786,2.5434,67300,INLAND
-122.36,37.94,43,369,107,371,111,1.6,79400,NEAR BAY
-122.28,37.85,49,1130,244,607,239,2.4597,93800,NEAR BAY
-122.16,37.77,39,1583,349,857,316,3.0958,145800,NEAR BAY
-122.25,37.8,43,2364,792,1359,722,2.1429,250000,NEAR BAY
-119.62,36.58,13,1788,405,1652,411,2.6858,62400,INLAND
-121.93,38.01,9,2294,389,1142,365,5.3363,160800,INLAND
-119.74,36.77,30,2427,482,1375,518,2.5737,76900,INLAND
-122.06,37.64,20,1655,450,857,430,3.5541,350000,NEAR BAY
-121.93,37.93,16,2876,391,1089,377,6.299,286900,INLAND
-121.94,37.54,31,2537,382,1067,410,6.7599,356000,<1H OCEAN
-121.54,39.5,38,1438,310,779,275,1.3289,39400,INLAND
-119.7,36.8,31,1746,321,1186,360,2.6932,66400,INLAND
-122.51,39.3,19,1629,386,551,214,1.7463,68800,INLAND
-119.68,36.81,16,2668,454,1536,457,3.9792,88900,INLAND
-122.05,37.95,22,5175,1213,2804,1091,2.85,144600,NEAR BAY
-122.08,37.68,26,1167,370,253,137,2.4196,275000,NEAR BAY
-121.85,38.0,26,3364,570,1806,566,4.2647,133400,INLAND
-121.97,37.56,13,8918,1823,4518,1772,4.8052,254000,<1H OCEAN
-119.84,36.54,19,1310,241,702,217,2.4375,78200,INLAND
-119.69,36.75,6,1926,303,965,316,4.7463,93100,INLAND
-121.87,37.57,13,5519,833,2444,825,7.0691,393200,<1H OCEAN
-122.22,37.88,20,95,13,31,15,2.4444,475000,NEAR BAY
-122.18,37.78,50,1642,322,713,284,3.2984,160700,NEAR BAY
-122.35,37.93,39,2002,416,1166,395,1.7257,91500,NEAR BAY
-122.27,37.77,52,1710,481,849,457,2.7115,220800,NEAR BAY
-121.58,39.76,18,1676,332,733,318,1.7875,103800,INLAND
-122.28,37.86,49,2932,668,1361,608,1.9798,147400,NEAR BAY
-119.82,36.75,41,1022,209,741,213,2.0781,48800,INLAND
-122.3,37.91,40,2866,617,1305,589,3.6321,209100,NEAR BAY
-122.27,37.78,52,1222,264,630,265,3.7708,215300,NEAR BAY
-122.06,37.94,19,4005,972,1896,893,2.5268,235700,NEAR BAY
-122.27,37.86,52,1088,305,486,267,2.6071,250000,NEAR BAY
-119.46,36.6,18,1404,226,754,229,3.9844,118100,INLAND
-121.76,37.68,52,2157,418,929,419,3.7301,204400,INLAND
-119.88,36.83,2,4055,735,1730,654,4.2132,96500,INLAND
-119.55,36.71,32,1963,508,2052,518,1.9076,55800,INLAND
-122.02,37.56,23,4332,857,2461,829,4.3594,223400,NEAR BAY
-119.64,36.82,14,4872,656,2085,617,5.6739,173800,INLAND
-122.09,37.69,43,500,110,273,120,3.3125,150000,NEAR BAY
-119.84,36.75,34,1186,300,774,271,1.575,57100,INLAND
-122.04,37.9,20,5467,1044,2310,963,5.6986,275800,NEAR BAY
-122.16,37.71,36,666,132,366,134,3.4643,175000,NEAR BAY
-121.6,39.77,26,1503,343,699,296,1.875,84000,INLAND
-122.23,37.81,52,2315,292,861,258,8.8793,410300,NEAR BAY
-120.81,38.73,38,2005,385,882,353,2.5104,120500,INLAND
-122.2,37.77,41,1547,415,1024,341,2.0562,102000,NEAR BAY
-122.26,37.89,52,3706,531,1205,504,6.6828,370900,NEAR BAY
-122.24,37.85,52,3726,474,1366,496,9.3959,500001,NEAR BAY
-122.04,37.67,18,3000,419,1155,415,6.8233,332600,NEAR BAY
-122.08,37.72,32,2476,368,1048,367,5.6194,274700,NEAR BAY
-119.79,36.81,33,1461,261,494,254,4.25,132200,INLAND
-122.16,37.76,46,1827,307,881,302,4.6696,164300,NEAR BAY
-119.46,36.91,12,2980,495,1184,429,3.9141,123900,INLAND
-119.98,38.93,28,1194,272,494,203,2.3281,85800,INLAND
-122.19,39.74,39,4179,814,2111,809,2.3507,65600,INLAND
-119.78,36.75,43,2070,512,1925,444,1.4635,46600,INLAND
-122.28,37.88,52,1909,416,811,406,3.006,227900,NEAR BAY
-122.24,37.83,52,1757,246,585,227,5.8948,457800,NEAR BAY
-120.35,36.16,18,1519,296,846,272,2.7792,85300,INLAND
-122.07,37.69,29,2304,618,1021,552,2.5362,203800,NEAR BAY
-121.9,37.67,7,9540,1294,3926,1229,7.4353,389800,<1H OCEAN
-122.11,37.71,36,4569,824,1950,819,4.65,206800,NEAR BAY
-122.26,37.88,52,2551,417,894,404,6.2425,391800,NEAR BAY
-121.98,37.74,8,2865,389,1376,417,7.9393,399300,<1H OCEAN
-122.31,38.0,29,3108,534,1687,516,4.3333,170800,NEAR BAY
-122.36,37.94,41,2591,585,1638,462,1.822,79700,NEAR BAY
-122.17,37.69,24,2262,391,1125,366,4.7609,212600,NEAR BAY
-121.99,37.82,22,1248,271,579,269,3.375,200000,<1H OCEAN
-121.8,39.33,30,1019,192,501,185,2.5259,81300,INLAND
-122.22,37.81,52,2944,536,1034,521,5.3509,302100,NEAR BAY
-122.27,37.98,23,3455,479,1375,474,6.0289,218600,NEAR BAY
-120.67,36.72,18,819,198,996,198,2.5,112500,INLAND
-122.25,37.8,42,4120,1065,1715,1015,2.9345,225000,NEAR BAY
-122.2,37.78,50,1867,403,1128,378,2.5401,129100,NEAR BAY
-121.99,37.55,28,2414,415,1106,453,4.8403,268600,<1H OCEAN
-122.15,37.74,41,856,178,571,191,3.1458,130600,NEAR BAY
-120.95,38.69,10,3421,563,1689,545,5.2032,217100,INLAND
-122.11,37.99,16,3913,710,1782,676,5.1297,206700,NEAR BAY
-122.1,37.69,30,3115,625,1444,568,3.7222,195800,NEAR BAY
-119.83,36.82,14,1087,165,365,176,7.2909,155600,INLAND
-122.32,37.96,25,1728,403,934,412,3.375,133700,NEAR BAY
-120.98,38.67,13,3432,516,1286,470,5.584,186600,INLAND
-122.08,37.64,36,1116,199,662,226,5.7309,177900,NEAR BAY
-120.38,36.75,25,1689,495,1745,457,1.9056,60000,INLAND
-122.04,37.53,25,4458,922,2998,890,3.9667,218500,NEAR BAY
-119.84,36.81,18,2789,378,937,364,7.7062,188300,INLAND
-122.26,37.83,52,1665,419,946,395,2.0978,155400,NEAR BAY
-122.21,37.77,52,745,153,473,149,2.6765,88800,NEAR BAY
-122.19,37.8,46,1938,341,768,332,4.2727,246900,NEAR BAY
-119.62,36.59,17,2287,390,1330,393,4.0197,88000,INLAND
-122.05,37.92,14,12713,2558,4741,2412,4.7094,234700,NEAR BAY
-121.77,37.67,20,8068,1217,3489,1259,5.7907,264200,INLAND
-122.04,37.99,36,2765,495,1478,441,4.125,136200,NEAR BAY
-122.11,37.67,36,2110,389,952,370,3.8,187500,NEAR BAY
-122.23,37.82,52,3494,396,1192,383,12.3804,500001,NEAR BAY
-121.59,39.74,17,1646,330,750,344,2.3798,83800,INLAND
-122.08,37.58,15,2576,418,1657,410,5.5218,254400,NEAR BAY
-119.74,36.65,19,2546,463,1257,418,2.9013,89500,INLAND
-122.24,37.76,52,2504,516,979,472,3.4762,244000,NEAR BAY
-119.81,36.77,48,1805,329,741,331,2.5804,78900,INLAND
-122.33,37.94,47,1882,361,797,342,3.5848,140800,NEAR BAY
-122.17,37.77,39,1612,342,912,322,3.3958,141900,NEAR BAY
-122.12,37.91,34,5683,755,1962,723,8.3678,455300,NEAR BAY
-122.26,37.81,29,335,107,202,91,2.0062,125000,NEAR BAY
-122.14,37.75,36,690,105,299,109,4.0313,195500,NEAR BAY
-122.03,37.55,26,3087,532,1597,483,4.9118,217300,NEAR BAY
-119.57,37.02,16,4199,794,2140,722,3.332,111800,INLAND
-119.73,36.73,7,2461,647,1587,551,1.4007,225000,INLAND
-122.07,37.68,36,1815,426,1280,431,3.25,218100,NEAR BAY
-121.9,38.04,36,1489,331,838,259,1.2024,90200,INLAND
-122.04,37.63,33,952,172,369,159,3.2331,226700,NEAR BAY
-120.79,38.83,15,1374,291,709,239,1.7222,118500,INLAND
-122.3,37.9,37,2125,489,912,462,2.9219,217200,NEAR BAY
-121.76,37.69,29,3433,711,1919,709,3.3841,184400,INLAND
-121.83,39.74,34,3263,604,1290,594,2.575,130300,INLAND
-119.69,36.46,29,1702,301,914,280,2.8125,79200,INLAND
-119.61,36.94,14,863,151,315,135,4.2679,151800,INLAND
-122.07,37.7,32,3400,736,1487,694,3.0,223200,NEAR BAY
-121.86,39.75,18,1651,309,856,293,3.5046,118300,INLAND
-124.15,41.81,17,3276,628,3546,585,2.2868,103100,NEAR OCEAN
-122.04,37.97,10,974,316,631,286,2.3152,140600,NEAR BAY
-122.15,37.71,18,5778,1526,2441,1352,3.1682,202700,NEAR BAY
-120.55,38.12,10,1566,325,785,291,2.5,116100,INLAND
-120.56,38.48,14,3545,702,946,411,3.4609,120900,INLAND
-120.84,38.77,11,1013,188,410,158,4.825,184600,INLAND
-122.1,37.93,20,10212,1424,4083,1374,8.039,382200,NEAR BAY
-119.76,36.79,26,3654,837,1976,830,2.1544,72800,INLAND
-122.07,37.65,31,3300,790,2181,740,3.016,161800,NEAR BAY
-121.49,39.49,20,2505,468,1174,429,2.9965,88900,INLAND
-121.8,38.01,44,3184,581,1399,548,2.7234,110200,INLAND
-119.82,36.81,25,3305,551,1149,500,5.0698,150900,INLAND
-119.69,36.43,29,1799,356,1278,387,1.7813,57900,INLAND
-119.67,36.83,3,2029,336,1003,340,4.4356,111300,INLAND
-119.8,36.74,25,1717,542,1343,471,0.799,51800,INLAND
-122.16,37.74,47,824,223,533,166,2.625,98200,NEAR BAY
-119.77,36.73,45,1081,241,821,230,1.7829,52600,INLAND
-120.88,38.91,15,3876,778,1960,691,2.902,127300,INLAND
-122.11,37.99,10,2864,514,1300,507,4.3875,287700,NEAR BAY
-121.58,39.79,19,2636,523,1184,465,2.7863,108600,INLAND
-121.7,37.94,36,1710,320,861,300,2.8828,131100,INLAND
-122.17,37.76,33,1280,307,999,286,2.5625,89300,NEAR BAY
-122.21,37.8,39,2018,447,1221,446,3.0757,151000,NEAR BAY
-121.93,37.53,27,5532,973,2855,960,4.7478,243500,<1H OCEAN
-122.04,37.99,32,1504,279,749,267,3.2,134500,NEAR BAY
-121.83,39.76,12,9831,1921,4644,1775,3.1142,112600,INLAND
-122.27,37.97,10,15259,2275,7266,2338,6.0666,272400,NEAR BAY
-122.16,39.74,20,707,126,337,125,3.0469,85000,INLAND
-122.17,37.75,41,1257,271,828,230,2.5043,92300,NEAR BAY
-122.25,37.87,42,1756,465,2184,422,2.5562,371400,NEAR BAY
-121.85,39.73,17,3425,827,2469,758,0.9393,88900,INLAND
-121.71,39.42,21,1432,284,862,275,2.2813,57600,INLAND
-122.07,37.7,39,1420,272,645,277,4.125,232500,NEAR BAY
-122.08,37.89,39,3018,501,1223,489,6.2924,283900,NEAR BAY
-119.58,36.83,13,6135,863,2473,774,5.4895,156700,INLAND
-121.84,37.99,15,2380,385,1292,388,4.6029,142600,INLAND
-122.27,37.82,52,1630,456,1162,400,1.2475,104200,NEAR BAY
-122.25,38.05,30,1255,297,779,307,1.6767,147700,NEAR BAY
-122.1,37.68,38,1779,413,1061,400,3.0962,180900,NEAR BAY
-121.71,39.41,22,1814,342,941,323,2.1728,59400,INLAND
-122.09,37.64,32,1578,284,836,292,3.9063,184200,NEAR BAY
-120.46,38.09,16,3758,715,1777,615,3.0,122600,INLAND
-122.08,37.67,29,493,168,233,152,0.9637,160000,NEAR BAY
-121.59,39.82,12,1958,369,875,354,2.3507,97600,INLAND
-122.32,37.95,37,1887,353,895,359,4.45,196600,NEAR BAY
-122.23,37.83,52,2990,379,947,361,7.8772,500001,NEAR BAY
-122.13,37.76,26,3266,491,1222,533,5.37,275400,NEAR BAY
-122.07,37.57,8,8647,1407,5019,1379,6.5615,318300,NEAR BAY
-121.52,39.51,30,3085,610,1688,575,2.334,72200,INLAND
-122.24,37.81,52,2485,313,953,327,6.8591,352400,NEAR BAY
-122.21,37.79,45,2115,533,1530,474,2.4167,139400,NEAR BAY
-122.28,37.8,38,684,176,344,155,2.0114,131300,NEAR BAY
-122.04,37.67,29,1694,251,690,242,6.0501,254200,NEAR BAY
-120.87,38.37,28,3998,765,1614,698,2.8125,113400,INLAND
-122.25,37.81,52,2155,701,895,613,2.5795,350000,NEAR BAY
-119.77,36.76,43,1945,413,1492,422,1.5174,54600,INLAND
-119.56,36.71,29,1963,392,1208,398,2.5741,73000,INLAND
-119.57,36.71,10,1657,359,958,380,2.6458,84800,INLAND
-122.16,37.74,52,771,147,355,144,4.1458,143400,NEAR BAY
-119.6,36.58,28,1452,300,919,308,2.8287,73100,INLAND
-119.7,36.81,32,2623,528,1570,492,2.7159,68000,INLAND
-119.98,38.94,23,1564,298,339,147,4.0417,99300,INLAND
-119.8,36.82,24,5377,1005,2010,982,3.4542,121200,INLAND
-124.19,41.78,15,3140,714,1645,640,1.6654,74600,NEAR OCEAN
-122.15,37.7,36,1468,252,733,229,3.4583,192600,NEAR BAY
-122.36,37.95,38,1066,248,729,286,1.5139,81700,NEAR BAY
-119.8,36.72,15,1908,417,1383,375,1.0472,57800,INLAND
-122.24,37.85,52,1467,190,496,177,7.2574,352100,NEAR BAY
-120.71,38.34,16,1257,231,559,213,4.4531,144300,INLAND
-122.24,37.76,52,2646,581,1128,522,3.0718,266700,NEAR BAY
-119.85,36.75,24,1143,245,608,240,2.8194,81100,INLAND
-119.77,36.86,7,4139,544,1843,562,8.2737,193500,INLAND
-121.63,39.78,28,1677,327,770,309,2.6823,93400,INLAND
-119.68,36.83,11,2455,344,1110,339,6.1133,120000,INLAND
-119.76,36.74,52,2137,448,1194,444,1.3029,69100,INLAND
-122.32,37.96,34,2070,357,784,294,4.0417,182800,NEAR BAY
-122.33,37.97,45,1982,376,1179,398,3.5463,130800,NEAR BAY
-122.26,38.0,6,678,104,318,91,5.2375,246400,NEAR BAY
-122.23,38.05,52,1736,358,638,297,2.5517,147100,NEAR BAY
-120.04,36.79,48,1341,239,671,208,2.7917,82800,INLAND
-119.76,36.73,39,1553,363,1449,341,1.4419,45500,INLAND
-122.08,37.61,26,2261,443,1039,395,3.7931,203900,NEAR BAY
-121.92,37.49,10,7441,1588,3571,1466,5.1643,193100,<1H OCEAN
-122.32,37.97,33,1595,292,991,300,4.6937,134100,NEAR BAY
-122.28,37.87,52,1233,300,571,292,2.2788,182300,NEAR BAY
-122.12,37.94,22,4949,626,1850,590,10.4549,500001,NEAR BAY
-122.25,37.79,50,629,188,742,196,2.6458,125000,NEAR BAY
-122.05,37.57,7,10648,1818,6075,1797,6.1047,278200,NEAR BAY
-122.07,37.71,40,1808,302,746,270,5.3015,254900,NEAR BAY
-122.14,38.02,44,1625,432,825,385,2.0523,133900,NEAR BAY
-124.21,41.77,17,3461,722,1947,647,2.5795,68400,NEAR OCEAN
-119.75,36.78,33,1145,197,508,198,2.3333,81300,INLAND
-122.25,37.86,52,1587,444,878,449,1.7652,336800,NEAR BAY
-121.98,37.53,28,2829,566,1610,540,4.6,223200,<1H OCEAN
-119.89,36.79,5,3821,705,2179,694,3.7821,80400,INLAND
-122.08,37.88,24,2059,462,410,294,2.3971,99400,NEAR BAY
-122.0,37.98,36,404,77,237,88,4.525,161300,INLAND
-120.0,38.9,21,1653,419,737,308,1.9727,114100,INLAND
-122.14,37.73,51,2619,403,922,393,4.6042,251900,NEAR BAY
-119.77,36.74,51,1454,235,729,252,3.3125,70100,INLAND
-121.92,37.72,22,4638,716,2302,687,5.347,219500,<1H OCEAN
-122.25,37.81,52,1758,460,686,422,3.1691,259400,NEAR BAY
-122.28,37.91,41,3009,482,1053,490,5.828,324400,NEAR BAY
-122.26,37.86,35,5161,1744,3276,1742,1.6307,253600,NEAR BAY
-119.52,36.61,33,1225,275,1065,248,1.8958,55100,INLAND
-122.29,37.85,52,477,119,218,106,2.5682,120000,NEAR BAY
-122.19,37.75,36,1126,263,482,150,1.9167,82800,NEAR BAY
-121.93,37.72,26,2806,459,1453,444,4.9107,213800,<1H OCEAN
-122.28,37.81,52,773,143,377,115,2.4083,98200,NEAR BAY
-119.72,36.82,15,946,239,550,246,2.2639,52500,INLAND
-121.98,38.05,31,2810,518,1640,503,3.3661,98500,INLAND
-121.88,37.68,23,2234,270,854,286,7.333,337200,INLAND
-124.21,41.75,20,3810,787,1993,721,2.0074,66900,NEAR OCEAN
-121.97,37.97,26,1977,264,817,273,5.7512,240200,INLAND
-122.2,37.82,37,1229,181,420,176,7.0175,366700,NEAR BAY
-119.59,36.72,18,1284,193,621,190,4.5375,130600,INLAND
-121.89,37.69,4,6159,1510,2649,1241,3.62,139300,<1H OCEAN
-122.27,37.82,41,3221,853,1959,720,1.1108,97500,NEAR BAY
-119.53,36.61,33,587,170,730,162,1.5625,55800,INLAND
-122.07,37.58,16,1644,251,1033,267,6.5116,244300,NEAR BAY
-120.66,38.61,19,2715,596,1301,473,2.5042,126400,INLAND
-122.26,37.9,37,2220,335,903,362,7.8336,371300,NEAR BAY
-119.34,36.62,26,1922,339,1148,332,2.6058,92200,INLAND
-122.37,37.94,40,1064,266,912,239,1.0521,69100,NEAR BAY
-122.36,37.94,26,1540,343,1007,338,1.3365,72900,NEAR BAY
-122.22,37.8,52,2286,464,1073,441,3.0298,199600,NEAR BAY
-120.07,36.74,19,2627,502,1295,441,3.087,88200,INLAND
-122.19,37.75,19,2207,565,1481,520,1.3194,81400,NEAR BAY
-122.1,37.68,31,1892,428,1162,389,3.125,167100,NEAR BAY
-122.11,37.88,37,4005,614,1602,606,6.4666,348200,NEAR BAY
-119.57,36.7,30,2370,412,1248,410,3.1442,72300,INLAND
-120.38,36.76,25,991,272,941,262,1.8125,58000,INLAND
-122.35,37.94,47,1275,275,844,273,2.8967,95600,NEAR BAY
-120.93,38.26,13,2084,449,834,305,3.2937,114200,INLAND
-121.56,39.53,12,1733,421,1861,415,1.5771,65200,INLAND
-121.7,39.36,37,2330,495,1505,470,2.0474,56000,INLAND
-120.55,38.46,16,1443,249,435,181,3.2031,129200,INLAND
-120.37,38.25,13,4495,856,1149,459,2.5352,113700,INLAND
-122.19,37.73,45,1528,291,801,287,1.2625,84700,NEAR BAY
-119.82,36.84,9,2340,544,860,520,3.3229,119300,INLAND
-119.75,36.72,22,3247,859,4179,881,1.3343,60800,INLAND
-120.0,38.52,16,3045,543,202,102,3.15,140600,INLAND
-121.94,37.83,11,2836,373,959,335,10.5815,500001,INLAND
-122.21,37.78,49,898,244,779,245,3.0536,137500,NEAR BAY
-122.17,37.77,31,2424,533,1360,452,1.871,90700,NEAR BAY
-120.0,36.7,33,1902,370,1168,358,2.6852,70800,INLAND
-119.72,36.71,7,2456,463,1350,424,3.0179,91600,INLAND
-122.24,37.83,52,2449,312,916,316,8.1194,471600,NEAR BAY
-122.19,37.79,50,954,217,546,201,2.6667,172800,NEAR BAY
-121.88,38.02,46,2112,466,1249,382,2.5737,87000,INLAND
-122.18,37.9,36,4760,610,1511,572,9.0064,500001,NEAR BAY
-122.31,37.91,45,3924,834,1992,773,4.1146,177800,NEAR BAY
-122.29,37.88,52,1650,395,841,380,3.556,179300,NEAR BAY
-122.17,37.76,47,2118,413,965,382,2.1842,107900,NEAR BAY
-122.13,37.71,44,1421,298,609,270,3.5781,180000,NEAR BAY
-122.1,37.63,29,2172,435,1377,408,3.7895,180900,NEAR BAY
-122.07,37.95,39,2199,388,1025,385,4.5893,190000,NEAR BAY
-121.9,38.0,14,2677,368,1288,375,6.0497,177500,INLAND
-119.81,36.85,17,2340,370,1174,396,4.2304,94400,INLAND
-122.13,37.72,26,2862,394,1030,397,7.912,367300,NEAR BAY
-119.79,36.79,33,3433,785,1806,783,1.9386,67500,INLAND
-122.02,37.56,35,1716,312,914,316,5.5737,214500,NEAR BAY
-119.31,36.62,25,831,230,947,244,1.4481,51700,INLAND
-121.8,38.01,46,2273,495,1088,447,2.2532,109400,INLAND
-120.01,38.91,17,2732,609,1005,499,1.9851,86700,INLAND
-122.24,37.81,52,1490,238,634,256,6.0302,287300,NEAR BAY
-122.26,37.82,22,3682,1270,2024,1250,1.2185,170000,NEAR BAY
-122.17,37.72,42,3008,659,1817,664,3.371,165000,NEAR BAY
-122.27,37.8,10,105,42,125,39,0.9722,137500,NEAR BAY
-121.94,37.54,27,3715,526,1631,538,6.2179,305300,<1H OCEAN
-122.03,37.61,36,1409,271,1002,281,3.7262,164900,NEAR BAY
-122.13,37.69,17,2380,769,1216,643,3.395,271300,NEAR BAY
-122.04,37.6,17,3314,638,1873,602,4.3875,238500,NEAR BAY
-122.28,37.89,52,1225,169,412,168,5.7912,327100,NEAR BAY
-119.79,36.81,35,1877,328,1155,353,3.069,69600,INLAND
-122.08,37.58,16,3349,544,2003,488,6.0074,236500,NEAR BAY
-119.78,36.83,11,2754,663,1328,604,2.3667,69300,INLAND
-122.21,37.84,44,3424,597,1358,597,6.0194,292300,NEAR BAY
-121.77,37.65,16,4290,554,1952,576,7.3588,327500,INLAND
-119.75,36.76,29,2077,524,1887,489,1.4107,59800,INLAND
-122.14,37.76,34,1513,231,545,211,5.5701,252800,NEAR BAY
-122.21,37.78,46,2239,508,1390,569,2.7352,137300,NEAR BAY
-122.03,37.94,21,5541,776,2214,737,5.5777,279300,NEAR BAY
-120.71,38.73,17,2146,396,862,351,2.9219,141300,INLAND
-122.18,37.86,33,4449,636,1684,617,8.9571,399700,NEAR BAY
-122.24,37.76,52,2567,436,1119,415,4.6094,229300,NEAR BAY
-122.23,37.8,52,783,184,488,186,1.9375,126600,NEAR BAY
-122.23,37.85,52,2800,411,1061,403,6.3434,373600,NEAR BAY
-121.96,37.85,10,3209,379,1199,392,12.2478,500001,INLAND
-121.79,38.01,17,4032,814,1749,618,3.1728,146800,INLAND
-122.09,37.71,31,1843,282,749,269,5.2855,253500,NEAR BAY
-119.82,36.72,25,2581,528,1642,509,1.6435,52600,INLAND
-122.13,37.89,27,744,214,295,169,2.7411,350000,NEAR BAY
-122.21,37.77,46,1234,375,1183,354,2.3309,98700,NEAR BAY
-119.96,38.93,22,2731,632,1215,483,2.83,110500,INLAND
-119.8,36.71,29,1541,291,1007,313,2.0043,53500,INLAND
-122.19,37.82,32,1835,264,635,263,8.317,365900,NEAR BAY
-122.14,37.85,27,9147,1276,3371,1269,7.3267,389900,NEAR BAY
-122.04,37.61,36,1151,216,727,215,4.1719,187000,NEAR BAY
-119.76,36.81,19,4643,1429,4638,1335,1.2716,69400,INLAND
-121.52,39.49,30,1217,238,677,233,2.6563,63600,INLAND
-122.27,37.89,52,2640,366,973,355,7.266,371100,NEAR BAY
-121.92,37.64,46,1280,209,512,208,5.1406,315600,INLAND
-122.14,37.73,52,2024,320,823,334,5.0,264700,NEAR BAY
-119.68,36.81,13,2589,413,1356,435,5.0253,106200,INLAND
-122.31,37.94,38,2172,403,945,384,4.3958,194200,NEAR BAY
-122.15,37.7,36,1464,244,672,261,3.5547,194700,NEAR BAY
-121.65,39.35,24,1003,251,1098,227,1.7552,86400,INLAND
-119.69,36.83,8,943,189,475,155,4.9327,89500,INLAND
-122.19,37.76,38,1493,370,1144,351,0.7683,81800,NEAR BAY
-119.65,36.62,6,1931,422,1344,414,1.6607,58000,INLAND
-122.12,37.82,26,2269,317,918,313,6.6657,364500,NEAR BAY
-122.33,37.98,3,2850,544,1024,515,6.0115,175000,NEAR BAY
-122.28,37.77,52,1468,363,870,347,2.9688,220800,NEAR BAY
-119.83,36.77,32,2867,615,1705,570,2.4286,68100,INLAND
-120.76,38.76,21,3509,606,1576,564,2.6392,148500,INLAND
-122.02,37.6,31,2155,522,1858,437,2.652,159800,NEAR BAY
-122.18,37.74,35,504,126,323,109,1.8438,90500,NEAR BAY
-120.93,38.5,15,1248,234,529,216,3.3393,107200,INLAND
-122.03,38.0,25,3577,581,1753,593,5.7295,178300,NEAR BAY
-119.74,36.72,25,3972,842,2863,729,2.1304,58500,INLAND
-122.05,37.54,25,4209,731,2568,703,5.2882,223100,NEAR BAY
-119.73,36.75,39,1745,321,901,303,3.1719,67900,INLAND
-119.75,36.8,25,2718,504,1257,465,2.3333,90600,INLAND
-119.61,36.58,29,1312,280,788,271,2.6974,73000,INLAND
-121.58,39.52,25,2409,490,1384,479,1.9956,58000,INLAND
-122.06,37.6,22,3009,497,1640,514,4.625,235300,NEAR BAY
-123.92,41.54,22,2920,636,1382,499,2.0202,71100,NEAR OCEAN
-122.33,37.95,42,1627,336,848,316,3.7708,144600,NEAR BAY
-121.89,38.01,28,3639,751,2362,641,3.0042,103900,INLAND
-122.03,37.98,16,1209,477,627,482,1.3894,156300,NEAR BAY
-122.1,37.64,28,1784,311,735,278,4.6635,206700,NEAR BAY
-120.76,38.73,17,512,129,314,140,1.5625,108300,INLAND
-119.73,36.62,35,2080,365,1026,333,3.5781,92800,INLAND
-122.07,37.59,15,3475,686,2568,653,4.6211,151400,NEAR BAY
-122.24,37.81,52,2513,502,1048,518,3.675,269900,NEAR BAY
-122.22,37.81,52,2927,402,1021,380,8.1564,390100,NEAR BAY
-122.23,37.8,51,1590,414,949,392,1.9028,127900,NEAR BAY
-121.9,38.01,34,3779,766,2356,722,3.5129,110600,INLAND
-122.22,37.82,42,2991,335,1018,335,13.499,500001,NEAR BAY
-121.53,39.49,19,1537,329,617,274,1.5313,50300,INLAND
-122.13,37.77,24,2459,317,916,324,7.0712,293000,NEAR BAY
-119.78,36.85,12,782,166,292,164,2.8274,79500,INLAND
-119.81,36.76,48,2059,388,834,405,2.9306,67900,INLAND
-121.95,37.81,5,7178,898,2823,907,9.0776,450400,<1H OCEAN
-119.73,36.8,15,2376,538,1197,510,3.1417,74600,INLAND
-122.27,37.83,51,2665,574,1258,536,2.7303,109700,NEAR BAY
-120.31,36.65,24,943,209,514,156,2.25,76600,INLAND
-122.2,37.84,35,2865,460,1072,443,7.4882,319300,NEAR BAY
-122.11,37.64,31,1487,280,854,301,5.2312,197600,NEAR BAY
-119.8,36.86,7,6434,1201,2733,1045,3.7656,145000,INLAND
-122.35,37.96,35,1326,346,1023,295,2.0724,97700,NEAR BAY
-119.77,36.84,15,2058,412,891,378,3.2569,124400,INLAND
-120.97,38.65,9,3707,602,1601,555,4.0714,300600,INLAND
-122.19,37.78,52,2198,397,984,369,3.22,156500,NEAR BAY
-122.22,37.79,46,2366,575,1647,527,2.6042,124700,NEAR BAY
-122.28,37.86,52,1999,417,780,358,3.3906,179300,NEAR BAY
-121.6,39.77,23,2263,497,1138,455,2.3403,87300,INLAND
-122.25,37.87,52,609,236,1349,250,1.1696,500001,NEAR BAY
-122.23,37.79,30,999,264,1011,263,1.8854,137500,NEAR BAY
-122.27,37.82,43,1007,312,558,253,1.7348,137500,NEAR BAY
-122.2,37.78,39,1752,399,1071,376,3.1167,121600,NEAR BAY
-122.04,37.95,29,866,138,341,133,4.7188,197100,NEAR BAY
-121.87,38.02,52,2264,439,1403,476,2.7083,99400,INLAND
-122.25,37.79,52,1339,391,1086,363,2.181,138800,NEAR BAY
-122.1,37.67,34,3659,897,2479,903,2.9564,150500,NEAR BAY
-122.22,37.77,40,494,114,547,135,2.8015,114800,NEAR BAY
-122.25,37.79,45,1786,526,1475,460,1.7772,97500,NEAR BAY
-121.94,37.94,26,1299,174,533,180,6.2296,291700,INLAND
-119.79,36.82,23,4358,819,1852,802,3.4167,105200,INLAND
-122.03,37.62,35,1298,236,632,204,3.8929,209500,NEAR BAY
-119.73,36.56,32,1513,272,1038,272,3.0469,82700,INLAND
-121.9,38.0,14,1930,363,990,322,4.1094,162200,INLAND
-120.67,38.19,17,2967,611,1387,564,2.0417,92600,INLAND
-122.06,37.96,37,1784,313,788,304,4.2917,189600,NEAR BAY
-119.8,36.75,41,1659,466,1391,447,1.3527,61200,INLAND
-121.88,37.67,25,2244,301,937,324,6.4524,296900,INLAND
-121.99,37.97,30,3320,589,1470,543,4.6071,184100,INLAND
-122.06,37.64,33,1160,252,729,220,3.8259,146100,NEAR BAY
-121.02,38.66,4,7392,1155,3096,1065,4.5246,198900,INLAND
-122.28,37.85,52,2246,472,1005,449,2.4167,152700,NEAR BAY
-119.77,36.76,40,2009,519,2219,505,1.2101,49100,INLAND
-119.71,36.8,25,875,156,646,166,3.0,72800,INLAND
-119.63,36.79,19,1317,189,517,187,4.526,148700,INLAND
-121.83,37.99,18,2741,449,1507,460,4.7566,142500,INLAND
-122.29,38.0,16,4986,1081,2805,1016,4.025,173200,NEAR BAY
-121.63,39.76,22,2598,482,1151,490,2.8182,109700,INLAND
-122.36,37.93,44,1891,449,1047,432,1.7727,86100,NEAR BAY
-122.28,37.85,52,1898,421,1102,397,1.808,105500,NEAR BAY
-121.84,38.02,46,66,22,37,21,0.536,87500,INLAND
-122.3,37.88,46,1647,376,854,355,2.9,144800,NEAR BAY
-119.8,36.78,43,2382,431,874,380,3.5542,96500,INLAND
-122.25,37.85,52,919,213,413,193,4.0368,269700,NEAR BAY
-119.81,36.83,10,5780,922,2712,883,5.6445,135500,INLAND
-121.8,37.99,16,3077,465,1575,446,5.5,179500,INLAND
-119.71,36.74,18,8099,1670,4476,1514,2.4728,88300,INLAND
-122.25,37.81,29,4656,1414,2304,1250,2.4912,257800,NEAR BAY
-122.02,37.88,16,3031,438,1087,421,7.3732,287300,NEAR BAY
-122.27,37.83,49,1215,282,570,264,1.4861,97200,NEAR BAY
-119.9,36.58,20,1935,363,1319,359,2.4814,74600,INLAND
-119.78,36.86,8,3468,675,1604,626,4.2071,128300,INLAND
-119.78,36.73,52,1377,319,1280,259,1.2344,43300,INLAND
-122.23,37.79,49,1175,217,859,219,2.293,106300,NEAR BAY
-122.29,37.87,46,1267,324,792,321,2.525,165900,NEAR BAY
-119.83,36.78,30,3162,640,1660,639,2.8359,80300,INLAND
-122.11,37.98,11,4371,679,1790,660,6.135,297300,NEAR BAY
-122.26,37.82,31,4596,1331,2048,1180,2.8345,183800,NEAR BAY
-119.79,36.78,38,1912,456,1131,408,2.03,58800,INLAND
